:020000040000fa
:020000041fc01b
:042ff400d9fff8ff0a
:020000040000fa
:020000041fc01b
:042ff800d9c87fffb6
:020000040000fa
:020000041fc01b
:042ffc00fbffff7f59
:020000040000fa
:020000041fc01b
:100000000200f00f0000000000601a40c0045a7f98
:100010000500401300000000019d1a3c70b75a27ec
:10002000080040030000000002a01d3cf0ffbd27b7
:1000300001a01c3c20809c27026009402058200120
:10004000801e2a7d8449497d02608940c0000000ed
:1000500000e0dc4102608b40c0000000019d083cd4
:10006000e8b7082509f800010000000000a0083cde
:100070004000082502a0093cb8e12925060000102f
:1000800000000000000000ad040000ad080000ad5d
:100090000c0000ad100008252b080901f9ff201401
:1000a00000000000019d083ca09408250000098d77
:1000b000180020110400082500000a8d04000825fe
:1000c00000000b8d090060110400082500000c9150
:1000d000ffff4a250100082500002ca1fbff401569
:1000e000010029250500001000000000000020a1eb
:1000f000ffff4a25fdff40150100292503000825c3
:10010000fcff0a24244048010000098de7ff201568
:10011000000000000000093c00002925100020110b
:10012000000000000200093c0000292588bf0a3cad
:1001300010204a25000049ad0200093c0000292595
:1001400088bf0a3c20204a25000049ad0200093c36
:100150000000292588bf0a3c30204a25000049ad0f
:1001600000488040ffff0a2400588a40c09f093c95
:1001700000102925017889400000093c010029254b
:1001800000000a2444492a7d01608a408000093c1d
:1001900000688940008008408005097d404c0900c6
:1001a000006008405800013c24400101254028011e
:1001b00000608840019d083cf0b7082509f800015f
:1001c0000000000000600840bfff013cffff213439
:1001d0002440010100608840000084300000a53008
:1001e000019d083cb0b40825080000010000000093
:020000040000fa
:020000041fc01b
:10038000019d1a3c48b55a270800400300000000b0
:020000040000fa
:020000041fc01b
:10118000019d1a3cf8ac5a270800400300000000fb
:020000040000fa
:020000041fc01b
:08120000a82d400b00000000c6
:020000040000fa
:020000041fc01b
:08122000a82d400b00000000a6
:020000040000fa
:020000041fc01b
:08124000a82d400b0000000086
:020000040000fa
:020000041fc01b
:08126000a82d400b0000000066
:020000040000fa
:020000041fc01b
:081280003912400b00000000d0
:020000040000fa
:020000041fc01b
:0812a000a82d400b0000000026
:020000040000fa
:020000041fc01b
:0812c000a82d400b0000000006
:020000040000fa
:020000041fc01b
:0812e000a82d400b00000000e6
:020000040000fa
:020000041fc01b
:08130000a82d400b00000000c5
:020000040000fa
:020000041fc01b
:08132000a82d400b00000000a5
:020000040000fa
:020000041fc01b
:08134000a82d400b0000000085
:020000040000fa
:020000041fc01b
:08136000a82d400b0000000065
:020000040000fa
:020000041fc01b
:08138000af17400b0000000054
:020000040000fa
:020000041fc01b
:0813a000a82d400b0000000025
:020000040000fa
:020000041fc01b
:0813c000a82d400b0000000005
:020000040000fa
:020000041fc01b
:0813e000a82d400b00000000e5
:020000040000fa
:020000041fc01b
:081400003116400b0000000052
:020000040000fa
:020000041fc01b
:08142000a82d400b00000000a4
:020000040000fa
:020000041fc01b
:08144000a82d400b0000000084
:020000040000fa
:020000041fc01b
:08146000a82d400b0000000064
:020000040000fa
:020000041fc01b
:081480002e1d400b00000000ce
:020000040000fa
:020000041fc01b
:0814a000a82d400b0000000024
:020000040000fa
:020000041fc01b
:0814c000a82d400b0000000004
:020000040000fa
:020000041fc01b
:0814e000a82d400b00000000e4
:020000040000fa
:020000041fc01b
:08150000a82d400b00000000c3
:020000040000fa
:020000041fc01b
:08152000a82d400b00000000a3
:020000040000fa
:020000041fc01b
:08154000a82d400b0000000083
:020000040000fa
:020000041fc01b
:08156000a82d400b0000000063
:020000040000fa
:020000041fc01b
:08158000a82d400b0000000043
:020000040000fa
:020000041fc01b
:0815a000a82d400b0000000023
:020000040000fa
:020000041fc01b
:0815c000a82d400b0000000003
:020000040000fa
:020000041fc01b
:0815e000a82d400b00000000e3
:020000040000fa
:020000041fc01b
:08160000a82d400b00000000c2
:020000040000fa
:020000041fc01b
:08162000a82d400b00000000a2
:020000040000fa
:020000041fc01b
:08164000a82d400b0000000082
:020000040000fa
:020000041fc01b
:08166000a82d400b0000000062
:020000040000fa
:020000041fc01b
:08168000a82d400b0000000042
:020000040000fa
:020000041fc01b
:0816a000a82d400b0000000022
:020000040000fa
:020000041fc01b
:0816c000a82d400b0000000002
:020000040000fa
:020000041fc01b
:0816e000c60d400b00000000e4
:020000040000fa
:020000041fc01b
:08170000a82d400b00000000c1
:020000040000fa
:020000041fc01b
:08172000a82d400b00000000a1
:020000040000fa
:020000041fc01b
:08174000a82d400b0000000081
:020000040000fa
:020000041fc01b
:08176000a82d400b0000000061
:020000040000fa
:020000041fc01b
:08178000a82d400b0000000041
:020000040000fa
:020000041fc01b
:0817a000a82d400b0000000021
:020000040000fa
:020000041fc01b
:1004800000f89b40c0000000019d1b3c20b67b276c
:10049000020060130000000000c09b4000f81b40f9
:0c04a000c00000001f000042000000002f
:020000040000fa
:020000041d00dd
:1000000000febd273300a004000086a02b000224c0
:10001000010082a0020082240a00a3282700605465
:100020003000a5240002a6276666043c2118c00003
:10003000676684241800a400c33f05001058000020
:10004000ffff632483400b0023380701404807006b
:10005000c0400700214028012340a80030000825a7
:100060002128e0000a00e728f2ffe010000068a065
:10007000ffff64243000a524202c057c2b3886004b
:100080000c00e010ffff65a02500400b2138400068
:1000900000008580010084242b4086000000e5a03c
:1000a000fbff00150100e7240102a42723188300a9
:1000b000211043000800e0030002bd2730000324a4
:1000c000000043a0010045a00002bd270800e00396
:1000d000020042242d000224010082a023280500f2
:1000e0000600400b02008224d8ffbd272000b3afda
:1000f0001c00b2af1800b1af1400b0af2400bfaf06
:10010000218880002180a0002198c0004a00400b77
:10011000ffff122400002482aa2b400f0100312689
:100120000c0052102400bf8fffff1026f9ff12169b
:10013000212860022400bf8f211000002000b38f0f
:100140001c00b28f1800b18f1400b08f0800e003bc
:100150002800bd27ffff02242000b38f1c00b28fb0
:100160001800b18f1400b08f0800e0032800bd27ed
:10017000d0ffbd272000b3af1c00b2af1400b0af5a
:100180002c00bfaf2800b5af2400b4af1800b1af4a
:100190002180a000219080001a00a0102198c000aa
:1001a000200015246d00400bffff142416000012e0
:1001b0002c00bf8f2100112e2110a0020b10110264
:1001c0002120600221284000213040023a00400fe7
:1001d00021884000f5ff5414238011022c00bf8faa
:1001e000ffff02242800b58f2400b48f2000b38fb6
:1001f0001c00b28f1800b18f1400b08f0800e0030c
:100200003000bd272c00bf8f211000002800b58fc3
:100210002400b48f2000b38f1c00b28f1800b18f60
:100220001400b08f0800e0033000bd27d0ffbd27c9
:100230002000b1af4000b18f2800b3af01003132d0
:100240002400b2af1c00b0af2c00bfaf21908000e3
:100250002198a000040020162180c0002a10c700a9
:10026000260040142328e6002120600221280002f5
:10027000213040023a00400f1000a7afffff0324d7
:10028000050043101000a78f030020122a10070258
:100290000b004014019d063c2a10f0002c00bf8f7b
:1002a0000a80e200211000022800b38f2400b28fe0
:1002b0002000b18f1c00b08f0800e0033000bd2784
:1002c0002328f000212040025c00400f44b2c624e5
:1002d0001000a78f2c00bf8f2a10f0000a80e200c8
:1002e000211000022800b38f2400b28f2000b18fac
:1002f0001c00b08f0800e0033000bd27019d063cc4
:1003000044b2c6245c00400f1000a7afffff0324d7
:10031000d5ff43141000a78f2a10f0002c00bf8fc8
:100320000a80e200211000022800b38f2400b28f5f
:100330002000b18f1c00b08f0800e0033000bd2703
:10034000c8ffbd272c00b4af2800b3af21a0c00068
:100350002198e00021300000213800003000b5afc6
:100360002400b2af2000b1af1c00b0af3400bfaf6b
:10037000218080002188a0004800b28fab2a400f66
:100380004c00b5833b004014019d023cc12c400f42
:10039000d0ffa4262140400021486000019d023c7e
:1003a00070b2448c74b2458c21300001ab2a400fee
:1003b00021382001160041043400bf8f2e00042490
:1003c000f900400b300005242014027c3a00432839
:1003d0000e006014000042a216005312000045a255
:1003e000ffff522600004282f7ff4414010042241e
:1003f000ffff522600004282010042242014027caa
:100400003a004328f4ff6010000042a23400bf8f7e
:10041000211060023000b58f2c00b48f2800b38ffc
:100420002400b28f2000b18f1c00b08f0800e003c1
:100430003800bd271b00801231000224000062a298
:100440000000828e3400bf8f01004224000082ae83
:100450003000b58f211060022c00b48f2800b38fbc
:100460002400b28f2000b18f1c00b08f0800e00381
:100470003800bd2768b2468c6cb2478c2120000240
:100480005d24400f21282002212040002128600007
:10049000f62a400f1000a6271000a88fe700400b97
:1004a0001400a98fffff62a20301400bffff732618
:1004b000f07f023c88fdbd272418e2005c02b3af48
:1004c0005802b2af5002b0af7402bfaf7002beaffd
:1004d0006c02b7af6802b6af6402b5af6002b4afea
:1004e0005402b1af2180e0007802a4af2190c00097
:1004f000b50062109002b38fffff0224c7006212a2
:100500002800622aa30040108802a38f4002a0aff7
:100510003100a0a3aa0001061800a0af0080023c91
:100520002d000524268002024402a5af21280002e6
:1005300021204002f62a400f2000a6272000b08f7d
:100540002400b18f2130000021380000212000025a
:10055000212820023802a2afab2a400f21f0600010
:10056000300040103002b227019d123c68b2558e17
:100570006cb2548e21b8a0023002b22721b08002a2
:10058000213880022120000221282002001c400f77
:100590002130a0022120400021286000f62a400fcf
:1005a0002000a627019d043c78b284240000868c9c
:1005b0000400878c21286000212040002800a2af81
:1005c0009021400f2c00a3af212040002130e002f9
:1005d0002138c0025d24400f212860002120400006
:1005e0005d2c400f2128600030004224000042a210
:1005f0001800a28f2000b08f2400b18f0100422488
:100600002120000221282002213000002138000092
:10061000ffff5226ab2a400f1800a2afd9ff4014ab
:10062000213880028802a58fbbffa2242300432c1f
:100630002f006014009d033c21a800003100a2831c
:10064000a50040104402a58f4402a58fa400a0106d
:100650003100b127ffff3126000025a20100b52699
:100660009402a58f4002a28f0100b230a90040166b
:100670002180a2028c02a38f2a100302a600401040
:100680007802a68f1000a2300f0240108c02a28fb9
:10069000019d063c7802a48f232870005c00400f67
:1006a00024b2c624ffff03249b0043547802a68f84
:1006b0008c02a38f2a1003020a1802022110600084
:1006c0007402bf8f7002be8f6c02b78f6802b68f44
:1006d0006402b58f6002b48f5c02b38f5802b28f90
:1006e0005402b18f5002b08f0800e0037802bd279a
:1006f0008010020008076324211062000000428c71
:100700000800400000000000880a009d3806009d97
:100710007009009d3806009d3806009d3806009d32
:100720003806009d3806009d3806009d3806009d5d
:100730003806009d3806009d3806009d3806009d4d
:100740003806009d3806009d3806009d3806009d3d
:100750003806009d3806009d3806009d3806009d2d
:100760003806009d3806009d3806009d3806009d1d
:100770003806009d3806009d3806009d3806009d0d
:100780003806009d3806009d880a009d2808009db7
:100790007009009d6700022438016210470002249e
:1007a000370162109402a48fd9ff73264002b3afc1
:1007b0003100a0a32700132458ff00061800a0afa3
:1007c0004b01400b4402a0af2120c000ab2a400fd8
:1007d0002128e0001f0140142120400221280002ae
:1007e00021300000ab2a400f213800007c01430477
:1007f0009402a28f9402a38f7802a48f019d053cde
:100800008c02a78f0cb2a524040006248b00400f95
:100810001000a3afb101400b7402bf8f4002a0af24
:100820004401400b060013241800a28f75014010ec
:1008300030000224010052263102a3272b1043026c
:100840007c0240103200b52721b0a0020000449283
:10085000010052262b1043020000c4a2fbff4014eb
:100860000100d6260c0160162e0002249402a38fec
:1008700008006230080140142e0002243802a38fc1
:100880002128c0032120600021300000ab2a400f46
:10089000213800005f014014ffff71260a0060123a
:1008a0002128d1020100a5242118c002300004240f
:1008b000000064a001006324feff6554000064a0f2
:1008c0000100312621b0d1023100a2835eff401425
:1008d00023a8d5024402a58f5effa0143200b127e1
:1008e0009402a38f02006230f60040509402a48f5d
:1008f0002b000224ffff3126000022a29402a58fc4
:100900004002a28f0100b5260100b23059ff40120b
:100910002180a2027802a68f212020023a00400ff7
:100920002128a002ffff112461ff51104002a38f74
:10093000dc006014019d063c5eff40128c02a38f18
:100940008c02a48f2a1004025bff40102a100302bd
:100950008c02a28f7802a48f019d063c23285000b0
:100960005c00400f44b2c624ad01400b8c02a38f43
:1009700001006052010013241800b48f2a10740281
:10098000110140148802a28f8c01801601004226ba
:100990003802a38f2128c0032120600021300000ed
:1009a000ab2a400f213800000b0040103000022419
:1009b000019d023c3802a38f80b2468c84b2478ce2
:1009c00021206000ab2a400f2128c003fe00400414
:1009d0008802a28f300002243200a2a33300b02785
:1009e0003200b527a30160129402a58f9402a48f50
:1009f000080091302e000224000002a2010002240f
:100a0000010010263c02a2af3802a38f2128c003a8
:100a10002120600021300000ab2a400f2138000067
:100a20000d0040100000000098016056019d123c2e
:100a30003802a28f2138a002212040002128c003c3
:100a4000ffff0226213000001000a2afd000400faf
:100a50001400a0af21a84000700120123c02a48f16
:100a6000f6fe605223a815022198130230000324d9
:100a7000000003a201001026feff1356000003a28f
:100a80008f01400b23a815021800b48f4802a0afb5
:100a9000940080123802a38f010043920100422685
:100aa000240160163200a3a39402a48f08008330af
:100ab000580160103300b0272e0003243300a3a395
:100ac0003400b0273102a327010044242b188300ef
:100ad000c30160141800b48f21980000ffff942612
:100ae0003200b5271800b4af3802a38f2128c00305
:100af0002120600021300000ab2a400f2138000087
:100b00002c004010ffff7226f6006012ffff122437
:100b1000019d123c68b2568e6cb2578e2800b427e5
:100b20003802a28f2128c0032138e0022120400092
:100b30005d24400f2130c0022120400021286000a8
:100b4000f62a400f213080022800a48f2c00a58fa8
:100b50003802a2af5d2c400f21f06000300042242b
:100b6000ffff7326000002a2ae01601201001026f2
:100b70003802a38f2128c00321206000213000000b
:100b8000ab2a400f21380000e6ff40143802a28f44
:100b9000ffff72263802a38f2128c00321206000a6
:100ba00021300000ab2a400f21380000ce00401455
:100bb0003802a28f0a006012212012020100842450
:100bc0002110000230000324000043a00100422451
:100bd000feff4454000043a001005226218012026f
:100be0004802a48f150080109402a58f0800a2303f
:100bf000120040142b10b002900140103000042469
:100c0000ffff102600000282080044142118400053
:100c1000300004240500151221184000ffff1026a3
:100c200000000282fbff4410211840002e00022425
:100c300001006250ffff1026010010261800a58f4a
:100c40008802a68f0000400f212000028f01400b78
:100c500023a855009402a28f7802a48f019d053c21
:100c60008c02a78f08b2a524030006248b00400f36
:100c70001000a2afb101400b7402bf8f9402a48f89
:100c800008009130c9fe2056d9ff73264002a0af5c
:100c90004401400b270013240000c2a21f02400b96
:100ca0000100d6267802a48f212860005c00400f46
:100cb00024b2c62420ff51148c02a38fae01400b36
:100cc0002a1003020400823066fe40109402a58fb1
:100cd000ffff312620000224000022a29801400bd1
:100ce0000100b5262128c00321206000213000002a
:100cf000ab2a400f2138000085004010300002244c
:100d0000019d123cffff022468b2568e6cb2578ed2
:100d10001800a2af4903400b2800b427ffff42246c
:100d20001800a2af3802a28f2128c0032138e002a8
:100d3000212040005d24400f2130c00221204000ce
:100d400021286000f62a400f213080022800b08f51
:100d50002c00b18f2130000021380000212000023a
:100d6000212820023802a2afab2a400f21f06000f8
:100d7000eaff40101800a28f212000025d2c400fd6
:100d800021282002300042249b0060123200a2a3de
:100d90002e0002243300a2a33400b0273200b5276e
:100da0003802a38f2128c0032120600021300000d9
:100db000ab2a400f2138000053ff4014ffff72267a
:100dc000ed02400b0000000001000324feff42245e
:100dd000ffff73268802a2afa402400b4802a3af14
:100de0007802a48f019d053c8c02a78f14b2a52424
:100df000040006248b00400f1000a2afb101400b8d
:100e00007402bf8f3200a2a33300b6271902400b31
:100e10003200b5275e006012ffff1124019d123cd5
:100e200068b2508e6cb2518e2800b4273802a28f5f
:100e30002128c00321382002212040005d24400fda
:100e4000213000022120400021286000f62a400fb6
:100e5000213080022800a48f2c00a58f3802a2af79
:100e60005d2c400f21f0600030004224ffff73260c
:100e70000000c2a2ed0060120100d6263802a38f46
:100e80002128c0032120600021300000ab2a400f40
:100e900021380000e6ff40143802a28fffff7126c0
:100ea0003802a38f2128c0032120600021300000d8
:100eb000ab2a400f2138000078fe40103802a28f84
:100ec000e603400b2138a0027802a48f019d063c66
:100ed000232850005c00400f44b2c624aa01400bf6
:100ee000ffff03243802a28f2138a00221204000f6
:100ef0002128c003ffff02261800a6271000a2af7a
:100f0000d000400f1400a0afed02400b21a840001c
:100f10009fff60163200a2a39402a38f08006230e4
:100f20009cff40142e0002243300b0276803400bbe
:100f30003200b527020042263102a3272e000524e5
:100f40002b204300c10080103300a5a3d903400b20
:100f50003400b027010042242b20430008008010f9
:100f60001800b48f00004490ffff7326000004a215
:100f7000f8ff601601001026b302400b0100442464
:100f80003200b527ffff9426ba02400b1800b4af19
:100f90003802a28f2138a002212040002128c0035e
:100fa000ffffc226213000001000a2afd000400f8a
:100fb0001400a0af2702400b21a840003102a32754
:100fc0002b2043009f0080103200b5272180a00213
:100fd00000004590010042242b204300000005a2a0
:100fe000fbff801401001026231843020100632434
:100ff0007902400b219863029402a58f0800a23069
:1010000064ff40142e0002243300b0276803400b15
:101010003200b527b202400b3102a32798fe8010a0
:101020002b10b0020d00405000000282ffff10267e
:1010300000000382300004240800641421106000c2
:10104000300004240500151221106000ffff102657
:1010500000000382fbff6410211060002e000324b7
:1010600076fd435023a81502010010268f01400b86
:1010700023a815020800b1305ffe20162e000224be
:10108000218800008202400b3c02a0af2800b42758
:10109000019d033c3802a28f68b263240400678c70
:1010a0000000668c2128c0035d24400f21204000f1
:1010b0002120400021308002f62a400f21286000c4
:1010c0002800b68f2c00b78f2120c0022128e00213
:1010d0003802a2af5d2c400f21f0600030004224a6
:1010e000000002a22120c0022128e00221300000dd
:1010f00021380000ab2a400f0100102634004010b8
:101100001800a28fffff7326270060123802a38ffa
:101110002128c0032120600021300000ab2a400fad
:1011200021380000210040103802a38f68b2568e8b
:101130005604400b6cb2578e3802a38f2128c0038f
:101140002120600021300000ab2a400f2138000030
:10115000160040103802a38f3802a28f2128c00346
:101160002138e002212040005d24400f2130c002e0
:101170002120400021286000f62a400f2130800203
:101180002800a48f2c00a58f3802a2af5d2c400f41
:1011900021f0600030004224ffff7326000002a20d
:1011a000e5ff6016010010263802a38f2128c00336
:1011b0002120600021300000ab2a400f21380000c0
:1011c00025fe40103802a28f8e02400b2138a0026b
:1011d000b0ff4010019d033c4204400bffff73260b
:1011e00001004280ffff032621200000212800008b
:1011f0001800a6273200a7271000a3afd000400f89
:101200001400a2af1800b48f21a84000ffff94265d
:10121000219800003802a0af21f00000ba02400b74
:101220001800b4afe502400bffff1224a803400be7
:10123000ffff11241902400b21b0a0020b03400b49
:10124000000003827902400b2180a0023400b02705
:10125000e103400b3200b5271800828c50ffbd27f8
:101260001000428c8800b0afac00bfaf2180a0005e
:10127000a800beafa400b7afa000b6af9c00b5af4a
:101280009800b4af9400b3af9000b2af8c00b1af90
:10129000b000a4af0100052409f84000b800a6afd3
:1012a000df0140106800a2276c00a0af6800a2af69
:1012b000000004820d008010b000a38f25000224de
:1012c0001b00821001001026aa2b400fb000a58f32
:1012d0006c00a38f010063246c00a3af00000482a4
:1012e000f7ff801425000224b000a38f1000629441
:1012f00040004230c9004054ffff0424ac00bf8fbf
:101300006c00a28fa800be8fa400b78fa000b68f7c
:101310009c00b58f9800b48f9400b38f9000b28f6b
:101320008c00b18f8800b08f0800e003b000bd27ab
:1013300000000582ae01a4102d00022421880000c7
:101340002b00032420000424230006240e00a210f6
:10135000300007241000a350010010261100a450f3
:10136000010010261200a650010010261300a754f9
:101370002a000224010010260000058210003136e8
:10138000f4ffa21400000000010010260100313615
:10139000e004400b0000058202003136e004400bff
:1013a0000000058204003136e004400b0000058295
:1013b00008003136e004400b000005828300a210d3
:1013c000b800a28fd0ffa2240a00432c390260107b
:1013d000219800000100102640181300000005822b
:1013e000c09813002198730021985300d0ffa224c5
:1013f0000a00432cf8ff6054010010262e0002243e
:101400005700a25001001026ffff14246800022498
:101410006800a250010010266c0002247800a2107f
:10142000710002248d01a2104c0002248f01a250f1
:101430000100058202002232030040100100102644
:10144000fbff022424882202010022320400401003
:10145000bcffa224efff022424882202bcffa224a6
:101460003500432c03006014009d043c0706400b2c
:1014700021100000801002008c14842421108200ae
:101480000000428c08004000000000009818009df9
:10149000ac1b009d6c14009dac1b009d6c14009d4a
:1014a0006c14009d6c14009d6c14009d6c14009dc8
:1014b0006c14009d6c14009d081c009d8818009df4
:1014c0006c14009d6c14009d6c14009d6c14009da8
:1014d0002c18009d6c14009d6c14009d5416009dea
:1014e0006c14009d6c14009d6c14009d6c14009d88
:1014f0006c14009d6c14009d6c14009d6c14009d78
:101500006c14009d6c14009d141c009d9c18009d83
:10151000ac1b009dac1b009dac1b009d6c14009d82
:101520009c18009d6c14009d6c14009d6c14009d13
:101530006c14009d6c1b009da41b009d8c18009dcd
:101540006c14009d6c14009d481c009d6c14009d43
:101550003018009d6c14009d6c14009d5816009d61
:10156000000005822a0002246201a210d0ffa224fa
:101570000a00432ca5ff601021a0000001001026e6
:101580004018140000000582c0a0140021a07400bf
:1015900021a05400d0ffa2240a00432cf8ff60547d
:1015a00001001026680002249cffa2146c00022493
:1015b00001001026000002824a0145500100102659
:1015c000000131360d05400b212840000100102696
:1015d0000000538c000005820300610604004224d1
:1015e0000100313623981300b800a2af2e00022468
:1015f00086ffa214ffff14245805400b010010269b
:1016000001001026000002824a0145500100102608
:10161000000231360d05400b21284000ac00bf8f81
:101620006c00a4af6c00a28fa800be8fa400b78f7f
:10163000a000b68f9c00b58f9800b48f9400b38f34
:101640009000b28f8c00b18f8800b08f0800e0034b
:10165000b000bd270040313610001724ffff0224e0
:101660007900821200102232efff02242488220225
:1016700000102232ffff8526770040107400a2afd1
:1016800000082232d000401000022232b800a48f9d
:10169000f8ff02240700832424106200080043247a
:1016a0000000558c0400568cb800a3af8000c20621
:1016b00023a815007c00a0af8400c0122110a00256
:1016c0002510b602860140106700a2270040233291
:1016d0007800a2afc3f7170021904000c505400b6a
:1016e0007000a3af2128c0022120a002000042a266
:1016f0002130e002581e400f2138c00321a84000cd
:101700002510430021b06000ffff52261a00401050
:10171000ffff94262120a0022128c0022130e002f0
:101720006f1f400f2138c0030a004328edff6054ab
:10173000300042247000a48f7c00801057000324e6
:1017400037000324211062002128c0022120a002ba
:10175000000042a22130e002581e400f2138c00391
:1017600021a840002510430021b06000ffff522651
:10177000e8ff4014ffff9426ffff85260a00a0041f
:1017800021104002ffff442623208500300003245f
:10179000000043a0ffff4224feff4454000043a08a
:1017a00027280500219045021000223261004014d4
:1017b0007800a28f080025320700a0107400a28fc5
:1017c00008000224ac00e21210000224d100e21250
:1017d000004022327400a28f090040107c00a38fc9
:1017e0008b00601402002232aa004014040022324e
:1017f0000300401020000224000042a2ffff5226f6
:101800006800a28f01004526b000a48f2330450058
:10181000213860028b00400f1000b1af6c00a48f24
:1018200021208200ac04400b6c00a4af00023136d2
:10183000f7ff022424882202ffff02248aff821677
:101840000a0017240010223221280000010014246d
:101850008bff40147400a2af0008223252004050a7
:1018600000022232b800a48ff8ff0224070083246c
:101870002410620008004324b800a3af0000558c78
:10188000ad05400b0400568c00403136080231365d
:101890009705400b10001724000231360010313636
:1018a000f7ff0224248822029705400b0a00172420
:1018b0002b10150023b0160023b0c202010004242f
:1018c0007c00a4af7effc0162110a0022701a01249
:1018d0006700a4277800a4af219080004006400b49
:1018e000004025321b005700f401e002000043a233
:1018f000ffff9426121000009fff4010ffff5226aa
:101900001b005700f401e002101800000a006428d0
:10191000f4ff8054300063242100a01057000424f9
:10192000370004243906400b21188300d205400bf0
:101930002110620008002532233062020600a01048
:101940002130460208000224df00e21210000224c7
:101950000100e252feffc6247400a38f060060104f
:101960007c00a48f04008054ffffc62406002232ae
:1019700001004054ffffc6248fffc0182110400211
:101980002320460230000324000043a0ffff42242e
:10199000feff4454000043a0ee05400b2390460296
:1019a0003906400b21188300460040108001223286
:1019b000b800a48f21b000000000958c040084249e
:1019c000ad05400bb800a4af360040508001223274
:1019d000b800a48f0000958c04008424c3b71500c0
:1019e00034ffc106b800a4af2c06400b23a8150095
:1019f000b000a58faa2b400f250004246c00a48ff3
:101a00000100102601008424ac04400b6c00a4af3c
:101a10002d000224000042a20006400bffff5226c8
:101a2000ffff0224ac00bf8f6c00a2af6c00a28f3e
:101a3000a800be8fa400b78fa000b68f9c00b58f02
:101a40009800b48f9400b38f9000b28f8c00b18f48
:101a50008800b08f0800e003b000bd270100102609
:101a6000000831360d05400b0000058200043136b8
:101a70000d05400b010010260100438230000224b6
:101a800055ff62507400a28f000042a2f505400b82
:101a9000ffff52262b000224000042a20006400b4a
:101aa000ffff522627004010b800a38fb800a28f76
:101ab0000000558c04004224b800a2afab05400bd7
:101ac000c3b7150024004010b800a38fb800a28f40
:101ad00021b000000000558c04004224ad05400bed
:101ae000b800a2af00000282800031360d05400b25
:101af00021284000b800a38f010010260000748c3c
:101b000004006224a8008106000005820205400b43
:101b1000b800a2af0200401458000224780002244a
:101b2000000042a230000224ffff42a2f505400b54
:101b3000feff522600000282000831360d05400be0
:101b4000212840000000758c04006324b800a3af76
:101b5000ab05400bc3b7150021b000000000758c29
:101b600004006324ad05400bb800a3af0008223287
:101b70006000405000022232b800a48f0000828c26
:101b80006c00a48fc31f0400000044ac040043aced
:101b9000b800a28f04004224b800a2af0706400b91
:101ba000211000009705400b080017240004223282
:101bb0004e004050b800a28fb800a38f07006424e5
:101bc000f8ff0224242082000400838c0000828c11
:101bd000080084242000a2af2400a3afb800a4af63
:101be0002000a68fb000a48f2400a78f1000a5afff
:101bf0001400b3af1800b4af2c01400f1c00b1affc
:101c00000806400b6c00a48f000231369705400b8c
:101c100008001724b800a48f2000a5270000838c9b
:101c200004008224b000a48f010006242138600241
:101c30002000a3a31000b1af8b00400fb800a2afeb
:101c40000806400b6c00a48fb800a28f0000458ce2
:101c50005200a01004005224ffff0224360082121a
:101c60002120a0000b00801a2110a0000000a280fb
:101c7000080040102110a0002207400b21a0b40052
:101c800005006010b000a48f01004224fcff5454f2
:101c900000004380b000a48f23304500213860024b
:101ca0001000b1af8b00400fb800b2af0806400b78
:101cb0006c00a48f2e000224d4fda214ffff142474
:101cc0005805400b01001026010043823000022419
:101cd00021ff6254ffffc6245706400b7400a38ff8
:101ce0007800a2afdf05400b21904000f006400bca
:101cf0000700442415004014b800a48f00012232cc
:101d00001f004014211000008000313211002052c9
:101d10000000838cb800a48f211000000000838c89
:101d20006c00a48f000064a0b800a38f040063249b
:101d30000706400bb800a3af002a400f8000a5aff4
:101d40008000a58f2507400b2110a2002110000064
:101d50000000838c6c00a48f000064acb800a38fdb
:101d6000040063240706400bb800a3af6700a32755
:101d70007800a3afffff8526df05400b21906000b0
:101d80000000838c6c00a48f000064a4b800a38fb3
:101d9000040063240706400bb800a3af019d033c79
:101da0001607400b1cb265240305400bb800a2af18
:101db000e8ffbd271000b0af02a0103c1400bfaf79
:101dc000792b400fece304261c80828f0100032452
:101dd000ece304261400bf8f1000b08f380043ac32
:101de0007d2b400b1800bd27f0ffbd270c00beafb8
:101df00021f0a003214080002120c0002118e00034
:101e00002000c28f1000c8a31400c5a31800c4a3eb
:101e10001c00c3a30000c2a31000c2930600401020
:101e20000000000001000324f20043100000000045
:101e30006c09400b000000001400c2930b00432cff
:101e4000d70160100000000080180200009d023cd5
:101e5000641e4224211062000000428c08004000f1
:101e600000000000ac25009d901e009df41e009d0a
:101e7000581f009dbc1f009dac25009dac25009dfa
:101e80003020009d9420009d0821009d7c21009d14
:101e900081bf023c88fb40ac1800c2930100423075
:101ea000ff00443088bf033c1062628c8410827c47
:101eb000106262ac1c00c29301004230ff0044304b
:101ec00088bf033c5062628c8410827c506262ac9a
:101ed0000000c29301004230ff00443088bf033c41
:101ee0006062628c8410827c606262ac7b08400b12
:101ef0000000000081bf023c84fb40ac1800c2938c
:101f000001004230ff00443088bf033c1062628c05
:101f10004408827c106262ac1c00c2930100423013
:101f2000ff00443088bf033c5062628c4408827cce
:101f3000506262ac0000c29301004230ff004430a6
:101f400088bf033c6062628c4408827c606262ac41
:101f50007b08400b0000000081bf023c90fb40acbe
:101f60001800c29301004230ff00443088bf033c98
:101f70001062628c0421827c106262ac1c00c293ed
:101f800001004230ff00443088bf033c5062628c45
:101f90000421827c506262ac0000c2930100423096
:101fa000ff00443088bf033c6062628c0421827c65
:101fb000606262ac7b08400b0000000088bf033cfd
:101fc0000066628c8431027c006662ac81bf023c98
:101fd00098fc40ac1800c29301004230ff0044302e
:101fe00088bf033c1066628c8431827c106662acd0
:101ff0001c00c29301004230ff00443088bf033c04
:102000005066628c8431827c506662ac0000c29360
:1020100001004230ff00443088bf033c6066628ca0
:102020008431827c606662ac7b08400b000000005b
:1020300081bf023c8cfb40ac1800c29301004230cf
:10204000ff00443088bf033c1062628cc418827c5d
:10205000106262ac1c00c29301004230ff004430a9
:1020600088bf033c5062628cc418827c506262acb0
:102070000000c29301004230ff00443088bf033c9f
:102080006062628cc418827c606262ac7b08400b28
:102090000000000088bf033c0066628cc439027ceb
:1020a000006662ac81bf023c9cfc40ac1800c2934d
:1020b00001004230ff00443088bf033c1066628c50
:1020c000c439827c106662ac1c00c29301004230ad
:1020d000ff00443088bf033c5066628cc439827c68
:1020e000506662ac0000c29301004230ff004430f1
:1020f00088bf033c6066628cc439827c606662acd7
:102100007b08400b0000000088bf033c0066628c27
:102110000442027c006662ac81bf023ca0fc40ac81
:102120001800c29301004230ff00443088bf033cd6
:102130001066628c0442827c106662ac1c00c29302
:1021400001004230ff00443088bf033c5066628c7f
:102150000442827c506662ac0000c29301004230af
:10216000ff00443088bf033c6066628c0442827c7e
:10217000606662ac7b08400b0000000088bf033c37
:102180000066628c444a027c006662ac81bf023cfd
:10219000a4fc40ac1800c29301004230ff00443060
:1021a00088bf033c1066628c444a827c106662ac35
:1021b0001c00c29301004230ff00443088bf033c42
:1021c0005066628c444a827c506662ac0000c293c6
:1021d00001004230ff00443088bf033c6066628cdf
:1021e000444a827c606662ac000000006c09400bcf
:1021f000000000001400c2930b00432cec006010a0
:102200000000000080180200009d023c20224224b1
:10221000211062000000428c080040000000000015
:10222000b025009d4c22009db022009d1423009dee
:102230007823009db025009db025009ddc23009de6
:102240005024009db424009d2825009d81bf023ca0
:10225000e4fb40ac1800c29301004230ff00443060
:1022600088bf033c1063628c444a827c106362ac7a
:102270001c00c29301004230ff00443088bf033c81
:102280005063628c444a827c506362ac0000c2930b
:1022900001004230ff00443088bf033c6063628c21
:1022a000444a827c606362ac6c09400b0000000011
:1022b00081bf023cecfb40ac1800c29301004230ed
:1022c000ff00443088bf033c1063628cc45a827c98
:1022d000106362ac1c00c29301004230ff00443026
:1022e00088bf033c5063628cc45a827c506362acea
:1022f0000000c29301004230ff00443088bf033c1d
:102300006063628cc45a827c606362ac6c09400b6f
:102310000000000081bf023ce8fb40ac1800c29303
:1023200001004230ff00443088bf033c1063628ce0
:102330008452827c106362ac1c00c2930100423064
:10234000ff00443088bf033c5063628c8452827c1f
:10235000506362ac0000c29301004230ff00443081
:1023600088bf033c6063628c8452827c606362ac91
:102370006c09400b0000000081bf023ce0fb40ac58
:102380001800c29301004230ff00443088bf033c74
:102390001063628c0442827c106362ac1c00c293a6
:1023a00001004230ff00443088bf033c5063628c20
:1023b0000442827c506362ac0000c2930100423050
:1023c000ff00443088bf033c6063628c0442827c1f
:1023d000606362ac6c09400b0000000081bf033ced
:1023e00000f0628c4408027c00f062ac81bf023cc9
:1023f000b8fb40ac1800c29301004230ff004430eb
:1024000088bf033c1062628c8473827c106262ac71
:102410001c00c29301004230ff00443088bf033cdf
:102420005062628c8473827c506262ac0000c29302
:1024300001004230ff00443088bf033c6062628c80
:102440008473827c606262ac6c09400b0000000007
:1024500081bf023cc0fb40ac1800c2930100423077
:10246000ff00443088bf033c1063628c0400827c10
:10247000106362ac1c00c29301004230ff00443084
:1024800088bf033c5063628c0400827c506362ac62
:102490000000c29301004230ff00443088bf033c7b
:1024a0006063628c0400827c606362ac6c09400be8
:1024b0000000000088bf033c0063628c4408027c7b
:1024c000006362ac81bf023cc4fb40ac1800c29305
:1024d00001004230ff00443088bf033c1063628c2f
:1024e0004408827c106362ac1c00c293010042303d
:1024f000ff00443088bf033c5063628c4408827cf8
:10250000506362ac0000c29301004230ff004430cf
:1025100088bf033c6063628c4408827c606362ac69
:102520006c09400b0000000081bf033c00f0628c8e
:102530004408027c00f062ac81bf023cb4fb40acba
:102540001800c29301004230ff00443088bf033cb2
:102550001062628c446b827c106262ac1c00c2937d
:1025600001004230ff00443088bf033c5062628c5f
:10257000446b827c506262ac0000c2930100423026
:10258000ff00443088bf033c6062628c446b827cf5
:10259000606262ac000000006c09400b00000000ab
:1025a000000000006c09400b00000000000000006b
:1025b00021e8c0030c00be8f1000bd270800e00317
:1025c00000000000f0ffbd270c00beaf21f0a0030b
:1025d000211880002110a0001000c3a31400c2a382
:1025e000ff0002240000c2af1000c293060040109a
:1025f000000000000100032452004310000000000e
:10260000230a400b000000001400c2930b00432c6f
:102610009a0060100000000080180200009d023c3b
:1026200034264224211062000000428c0800400041
:10263000000000008828009d6026009d7c26009deb
:102640009826009db426009d8828009d8828009d1e
:10265000d026009dec26009d0827009d2427009d84
:1026600088bf023c2062428c8000427cff004230e6
:102670000000c2afcf09400b0000000088bf023c41
:102680002062428c4000427cff0042300000c2af1a
:10269000cf09400b0000000088bf023c2062428c42
:1026a0000001427cff0042300000c2afcf09400b66
:1026b0000000000088bf023c2066428c8001427c02
:1026c000ff0042300000c2afcf09400b0000000005
:1026d00088bf023c2062428cc000427cff00423036
:1026e0000000c2afcf09400b0000000088bf023cd1
:1026f0002066428cc001427cff0042300000c2af25
:10270000cf09400b0000000088bf023c2066428ccd
:102710000002427cff0042300000c2afcf09400bf4
:102720000000000088bf023c2066428c4002427cd0
:10273000ff0042300000c2af00000000230a400b3f
:10274000000000001400c2930b00432c4f006010e7
:102750000000000080180200009d023c7027422407
:10276000211062000000428c0800400000000000c0
:102770008c28009d9c27009db827009dd427009d94
:10278000f027009d8c28009d8c28009d0c28009d22
:102790002828009d4428009d6028009d88bf023c99
:1027a0002063428c4002427cff0042300000c2aff6
:1027b000230a400b0000000088bf023c2063428ccb
:1027c000c002427cff0042300000c2af230a400b2f
:1027d0000000000088bf023c2063428c8002427ce3
:1027e000ff0042300000c2af230a400b000000008f
:1027f00088bf023c2063428c0002427cff004230d2
:102800000000c2af230a400b0000000088bf023c5a
:102810002062428c8003427cff0042300000c2af45
:10282000230a400b0000000088bf023c2063428c5a
:102830000000427cff0042300000c2af230a400b80
:102840000000000088bf023c2063428c4000427cb4
:10285000ff0042300000c2af230a400b000000001e
:1028600088bf023c2062428c4003427cff00423021
:102870000000c2af230a400b00000000000000006f
:10288000230a400b00000000000000000000c28f7f
:10289000ff00423021e8c0030c00be8f1000bd27ae
:1028a0000800e00300000000f0ffbd270c00beaff1
:1028b00021f0a0032118a0002110c0001000c4a323
:1028c0001400c3a31800c2a31800c2932b10020067
:1028d0000000c2a31000c2930600401000000000d8
:1028e000010003246200431000000000ff0a400bb7
:1028f000000000001400c2930b00432cbb006010ca
:102900000000000080180200009d023c20294224a3
:10291000211062000000428c08004000000000000e
:10292000f82b009d4c29009d7029009d9429009d45
:10293000b829009df82b009df82b009ddc29009df7
:10294000002a009d242a009d482a009d0000c29371
:1029500001004230ff00443088bf033c3062628c8b
:102960008410827c306262ac9a0a400b0000000046
:102970000000c29301004230ff00443088bf033c96
:102980003062628c4408827c306262ac9a0a400bee
:10299000000000000000c29301004230ff004430fc
:1029a00088bf033c3062628c0421827c306262ac5e
:1029b0009a0a400b000000000000c2930100423060
:1029c000ff00443088bf033c3066628c8431827cd7
:1029d000306662ac9a0a400b000000000000c2930f
:1029e00001004230ff00443088bf033c3062628cfb
:1029f000c418827c306262ac9a0a400b000000006e
:102a00000000c29301004230ff00443088bf033c05
:102a10003066628cc439827c306662ac9a0a400ba4
:102a2000000000000000c29301004230ff0044306b
:102a300088bf033c3066628c0442827c306662aca4
:102a40009a0a400b000000000000c29301004230cf
:102a5000ff00443088bf033c3066628c444a827c6d
:102a6000306662ac00000000ff0a400b000000006e
:102a70001400c2930b00432c6000601000000000a3
:102a800080180200009d023c9c2a42242110620012
:102a90000000428c0800400000000000fc2b009d5c
:102aa000c82a009dec2a009d102b009d342b009d10
:102ab000fc2b009dfc2b009d582b009d7c2b009d2a
:102ac000a02b009dc42b009d0000c293010042304a
:102ad000ff00443088bf033c3063628c444a827cf0
:102ae000306362acff0a400b000000000000c2939c
:102af00001004230ff00443088bf033c3063628ce9
:102b0000c45a827c306362acff0a400b00000000b4
:102b10000000c29301004230ff00443088bf033cf4
:102b20003063628c8452827c306362acff0a400b5b
:102b3000000000000000c29301004230ff0044305a
:102b400088bf033c3063628c0442827c306362ac99
:102b5000ff0a400b000000000000c2930100423059
:102b6000ff00443088bf033c3062628c8473827cf7
:102b7000306262acff0a400b000000000000c2930c
:102b800001004230ff00443088bf033c3063628c58
:102b90000400827c306362acff0a400b000000003e
:102ba0000000c29301004230ff00443088bf033c64
:102bb0003063628c4408827c306362acff0a400b55
:102bc000000000000000c29301004230ff004430ca
:102bd00088bf033c3062628c446b827c306262aca2
:102be00000000000ff0a400b000000000000000091
:102bf000ff0a400b000000000000000021e8c003b5
:102c00000c00be8f1000bd270800e003000000008c
:102c1000e0ffbd271c00bfaf1800beaf21f0a0032e
:102c2000211880002110a0002000c3a32400c2a30b
:102c3000010002241000c2af2e0b400b0000000068
:102c40001000c28f0500422805004014000000005b
:102c50001000c28f02004224190b400b000000003c
:102c60001000c28f1400c2af2000c4931400c28fa2
:102c7000ff004230211840001000c28fffff4224a5
:102c80000100052404104500202c027c2400c2838e
:102c90002410a2002014027cff0042302128600092
:102ca000213040002a0a400f000000001000c28faf
:102cb000010042241000c2af1000c28f0900422858
:102cc000dfff40140000000021e8c0031c00bf8f9c
:102cd0001800be8f2000bd270800e00300000000a0
:102ce000e8ffbd271400bfaf1000beaf21f0a00366
:102cf0004f0b400f000000000600023c801a4434d5
:102d00005c0b400f00000000212000001f0d400f51
:102d1000000000002a00042401000524de0c400ffe
:102d20000000000021e8c0031400bf8f1000be8f18
:102d30001800bd270800e00300000000f8ffbd27d1
:102d40000400beaf21f0a00388bf033c1066628c74
:102d5000010004240400827c106662ac21e8c003f8
:102d60000400be8f0800bd270800e003000000003b
:102d7000f0ffbd270c00beaf21f0a0031000c4afd0
:102d80000000c0a30200c0a780bf023c005040acbe
:102d90001000c28f401802006202023c005a423406
:102da0001b004300f4016000101800001210000026
:102db000ffff4230feff42240200c2a70200c39779
:102dc00080bf023c405043ac80bf033c0050628c4b
:102dd00001000424c47b827c005062ac80bf033cb1
:102de0000050628c010004240421827c005062acfb
:102df00021e8c0030c00be8f1000bd270800e003cf
:102e000000000000e8ffbd271400beaf21f0a003c2
:102e10001c00c5af2118c0002110e0001800c4a399
:102e20002000c3a32400c2a30000c0a30800c0a3c5
:102e30000100c0a380bf033c0050628c0100042449
:102e40000400827c005062ac0400c0af00000000af
:102e500080bf023c0050428c01004230080040100c
:102e6000000000000400c28f010042240400c2af31
:102e70000400c28fff0f4228f5ff4014000000003d
:102e80000400c28fff0f422804004014000000001d
:102e9000fe000224120c400b000000001800c29338
:102ea000401002002118400080bf023c505043ac4b
:102eb0000400c0af0000000080bf023c1050428cf4
:102ec0000040423008004010000000000400c28fa3
:102ed000010042240400c2af0400c28fff0f422849
:102ee000f5ff4014000000000400c28fff0f4228cd
:102ef0000400401400000000fe000224120c400bed
:102f00000000000080bf023c1050428cc003427c95
:102f1000ff0042300800c2a30800c2932a004014f8
:102f2000000000000100c0a3eb0b400b00000000fc
:102f30000100c2931c00c38f211062000000429068
:102f40002118400080bf023c505043ac0400c0af89
:102f50000000000080bf023c1050428c0040423014
:102f600008004010000000000400c28f010042244d
:102f70000400c2af0400c28fff0f4228f5ff4014c7
:102f8000000000000400c28fff0f4228040040141c
:102f900000000000fe000224120c400b00000000a4
:102fa0000100c293010042240100c2a30100c393a7
:102fb0002000c2932b106200ddff401400000000cf
:102fc000f40b400b00000000ffff02240000c2a32e
:102fd0002400c2931b0040100000000080bf033c8f
:102fe0000050628c010004248410827c005062ac8a
:102ff0000400c0af0000000080bf023c0050428cc3
:103000000400423008004010000000000400c28f9d
:10301000010042240400c2af0400c28fff0f422807
:10302000f5ff4014000000000400c28fff0f42288b
:103030000400401400000000fe000224120c400bab
:10304000000000000000c29321e8c0031400be8ffe
:103050001800bd270800e00300000000e8ffbd27be
:103060001400beaf21f0a003211880001c00c5afe2
:103070002110c0001800c3a32000c2a30000c0a3f9
:103080000800c0a30100c0a380bf033c0050628cb5
:10309000010004244408827c005062ac0400c0afec
:1030a0000000000080bf023c0050428c0200423011
:1030b00008004010000000000400c28f01004224fc
:1030c0000400c2af0400c28fff0f4228f5ff401476
:1030d000000000000400c28fff0f422804004014cb
:1030e00000000000fe000224d90c400b000000008c
:1030f0001800c29340100200010042242118400031
:1031000080bf023c505043ac0400c0af0000000040
:1031100080bf023c1050428c0040423008004010fa
:10312000000000000400c28f010042240400c2af6e
:103130000400c28fff0f4228f5ff4014000000007a
:103140000400c28fff0f422804004014000000005a
:10315000fe000224d90c400b0000000080bf023c9e
:103160001050428cc003427cff0042300800c2a3d2
:103170000800c29359004014000000000100c0a3e1
:10318000b00c400b0000000080bf033c0050628c7c
:1031900001000424c418827c005062ac0100c39377
:1031a0002000c293ffff42240800621400000000c8
:1031b00080bf033c0050628c010004244429827cbf
:1031c000005062ac770c400b0000000080bf033c55
:1031d0000050628c4429027c005062ac0400c0aff5
:1031e0000000000080bf023c0050428c08004230ca
:1031f00008004010000000000400c28f01004224bb
:103200000400c2af0400c28fff0f4228f5ff401434
:10321000000000000400c28fff0f42280400401489
:1032200000000000fe000224d90c400b000000004a
:103230000100c2931c00c38f2110620080bf033cb9
:103240006050638cff006330000043a080bf033cec
:103250000050628c010004240421827c005062ac86
:103260000400c0af0000000080bf023c0050428c50
:103270001000423008004010000000000400c28f1f
:10328000010042240400c2af0400c28fff0f422895
:10329000f5ff4014000000000400c28fff0f422819
:1032a0000400401400000000fe000224d90c400b72
:1032b000000000000100c293010042240100c2a3eb
:1032c0000100c3932000c2932b106200aeff401494
:1032d00000000000b90c400b00000000ffff0224ba
:1032e0000000c2a380bf033c0050628c0100042494
:1032f0000421827c005062ac80bf033c0050628c91
:10330000010004248410827c005062ac0400c0af31
:103310000000000080bf023c0050428c040042309c
:1033200008004010000000000400c28f0100422489
:103330000400c2af0400c28fff0f4228f5ff401403
:10334000000000000400c28fff0f42280400401458
:1033500000000000fe000224d90c400b0000000019
:103360000000c29321e8c0031400be8f1800bd27df
:103370000800e00300000000e0ffbd271c00bfaf15
:103380001800beaf21f0a003211880002110a0007a
:103390002000c3a32400c2a32000c2931400c2a330
:1033a0002400c2931500c2a31400c2271d000424e8
:1033b000212840000200062401000724810b400f51
:1033c000000000001000c2a31000c29321e8c00357
:1033d0001c00bf8f1800be8f2000bd270800e0032f
:1033e00000000000e0ffbd271c00bfaf1800beaf0b
:1033f00021f0a003211080002000c2a31d0004249e
:103400002000c5270100062421380000810b400f51
:10341000000000001d0004241000c22721284000e5
:1034200001000624170c400f000000001000c2939a
:1034300021e8c0031c00bf8f1800be8f2000bd27ed
:103440000800e00300000000e8ffbd271400bfaf44
:103450001000beaf21f0a0030d000424f90c400fb2
:103460000000000021e8c0031400bf8f1000be8fd1
:103470001800bd270800e00300000000e0ffbd27a2
:103480001c00bfaf1800beaf21f0a00321108000c8
:103490002000c2a32000c293030042302000c2a338
:1034a0000e000424f90c400f000000001000c2a31d
:1034b0001000c393fcff0224241062001000c2a37a
:1034c0001000c3932000c293251062001000c2a315
:1034d0001000c2930e00042421284000de0c400f8f
:1034e000000000001100c2a32000c2930200422489
:1034f00001000324041043001200c2a31200c2936f
:10350000212040003f2d400f000000002118400006
:10351000019d023c2120600004b2458cab28400f85
:1035200000000000488082af1100c29321e8c00370
:103530001c00bf8f1800be8f2000bd270800e003cd
:1035400000000000e0ffbd271c00bfaf1800beafa9
:1035500021f0a0032000c4af010002241000c2a388
:103560001d0004241000c227212840000100062469
:1035700021380000810b400f000000001d000424d2
:103580002000c58f06000624170c400f0000000025
:1035900021e8c0031c00bf8f1800be8f2000bd278c
:1035a0000800e00300000000e0ffbd271c00bfafe3
:1035b0001800beaf21f0a0032000c4af2000c28fce
:1035c0000000429000110200ffff43302000c28f34
:1035d000010042240000429002110200ff0042302c
:1035e000211062001000c2a71000c29700084230ec
:1035f00005004010000000001000c39700f00224f6
:10360000251062001000c2a71000c28721204000d0
:10361000fc2c400f00000000211840004880828fe1
:1036200021206000212840003729400f00000000c1
:103630001400c2af1400c28f21e8c0031c00bf8f6a
:103640001800be8f2000bd270800e0030000000026
:10365000d8ffbd272400bfaf2000beaf1c00b0af15
:1036600021f0a0032800c4af1000c2272120400091
:10367000510d400f000000001000c2272120400023
:103680006a0d400f00000000211840002800c28f82
:10369000000043ac2800c28f040050241200c2274f
:1036a000212040006a0d400f00000000000002ae23
:1036b0002800c28f080050241400c2272120400097
:1036c0006a0d400f00000000000002ae21e8c003b8
:1036d0002400bf8f2000be8f1c00b08f2800bd27a4
:1036e0000800e00300000000f8ffbd270400beafa3
:1036f00021f0a00380bf033c0050628cc47b027c9d
:10370000005062ac21e8c0030400be8f0800bd2752
:103710000800e0030000000000e85d4100701b406d
:1037200002601a40d8ffbd272400bbaf00601b40d9
:103730001c00baaf2000bbaf44781b7c00187b375d
:1037400000609b400c00a3af0800a2af1c00a38f39
:103750000f00633003006014000000001400beafcf
:103760001000a4af21f0a0030f0e400b00000000da
:1037700080bf023c3066428c0000c2a3608082930e
:10378000ff0042302d004014000000006180829351
:10379000ff004330ff0002242600621000000000fa
:1037a00061808293ff004230212040000000c383eb
:1037b00002a0023cb8e0422421108200000043a095
:1037c00061808293ff0042302118400002a0023c39
:1037d000b8e0422421106200000043800a00022465
:1037e0000d0062140000000061808293ff004230ef
:1037f000ffff432402a0023cb8e0422421106200f3
:10380000000043800d000224030062140000000049
:1038100001000224608082a361808293ff00423015
:1038200001004224ff004230618082a30f0e400b52
:103830000000000001000224608082a380bf023cdf
:103840001066428c01004230c9ff401400000000a5
:1038500088bf033c5010628c8410027c501062ac14
:1038600021e8c0031c00a28f0f0042300500401465
:10387000000000001400be8f1000a48f0c00a38f66
:103880000800a28f00606041c00000002400ba8fd1
:103890002000bb8f00709a401c00ba8f2800bd2703
:1038a00002609a4000e8dd4100609b401800004241
:1038b000e8ffbd271400bfaf1000beaf21f0a0038a
:1038c0001800c4aff10e400f000000001800c48fb4
:1038d000bf0e400f0000000021e8c0031400bf8f9e
:1038e0001000be8f1800bd270800e0030000000094
:1038f000e8ffbd271400bfaf1000beaf21f0a0034a
:103900001800c4aff10e400f000000001800c48f73
:103910004c0e400f0000000021e8c0031400bf8fd0
:103920001000be8f1800bd270800e0030000000053
:10393000e8ffbd271400bfaf1000beaf21f0a00309
:103940001800c4af80bf033c0066628cc47b027c5d
:10395000006662ac80bf033c0066628c446b027cf4
:10396000006662ac80bf033c0066628c0463027c2c
:10397000006662ac80bf033c0066628cc45a027c65
:10398000006662ac80bf033c0066628c0442027c2d
:10399000006662ac80bf033c0066628c444a027cd5
:1039a000006662ac80bf033c0066628cc439027c56
:1039b000006662ac80bf033c0066628c8431027c8e
:1039c000006662ac80bf033c0066628c4429027cc6
:1039d000006662ac80bf033c0066628c0421027cfe
:1039e000006662ac80bf033c0066628c8410027c7f
:1039f000006662ac80bf033c0066628c4408027cb7
:103a0000006662ac80bf033c0066628c0400027cee
:103a1000006662ac80bf033c0066628cc418027c06
:103a2000006662ac1800c28f001102002120400025
:103a30003f2d400f00000000019d033cd8b7648c6f
:103a400021284000ab28400f000000002118400052
:103a5000019d023c21206000dcb7458c0d28400f01
:103a600000000000212040000b2c400f000000004f
:103a7000019d063c2120400021286000e4b7c78c4e
:103a8000e0b7c68c9021400f0000000021204000cc
:103a9000212860005d2c400f00000000211840002c
:103aa00080bf023c406643ac80bf033c1066628c22
:103ab000010004248452827c106662ac80bf033c07
:103ac0001066628c010004240463827c106662ac80
:103ad00080bf033c0066628c01000424c47b827cae
:103ae000006662ac21e8c0031400bf8f1000be8fd7
:103af0001800bd270800e00300000000d8ffbd2724
:103b00002400bfaf2000beaf1c00b0af21f0a00367
:103b10002800c4af4c0e400f2800c48f88bf033c60
:103b20002011628c0600042484e6827c201162aca1
:103b300088bf033c2011628c0300042404ce827ce5
:103b4000201162ac88bf033c5010628c8410027c50
:103b5000501062ac88bf033c8010628c01000424ca
:103b60008410827c801062ac1000c0af00681040ee
:103b70001000d0af1000c38f8000023c25106200ff
:103b80001000c2af1000c28f21804000006890403a
:103b90001000d0af88bf033c0010628c01000424e9
:103ba0000463827c001062ac2060624121e8c003a3
:103bb0002400bf8f2000be8f1c00b08f0800e003e0
:103bc0002800bd27f8ffbd270400beaf21f0a003e9
:103bd00088bf033c1065628c0463027c106562ac94
:103be00081bf023c0200032470fc43ac88bf033c4d
:103bf0001065628c01000424446b827c106562ac09
:103c000081bf023c0900032468fa43ac21e8c003e9
:103c10000400be8f0800bd270800e003000000007c
:103c2000f8ffbd270400beaf21f0a00321108000e3
:103c30000800c2a30000000080bf023c1066428c56
:103c400000024230fcff4014000000000800c38363
:103c500080bf023c206643ac21e8c0030400be8f55
:103c60000800bd270800e00300000000e0ffbd27ba
:103c70001c00bfaf1800beaf21f0a0032000c4afee
:103c80002000c28f1000c2af2c0f400b00000000bc
:103c90001000c28f000042801000c38f0100632417
:103ca0001000c3af21204000080f400f00000000ab
:103cb0001000c28f00004280f5ff40140000000099
:103cc00021e8c0031c00bf8f1800be8f2000bd2755
:103cd0000800e00300000000f8ffbd270400beafad
:103ce00021f0a00380bf023c1066428c0000427ca1
:103cf000ff00423021e8c0030400be8f0800bd274a
:103d00000800e00300000000e8ffbd271400bfaf7b
:103d10001000beaf21f0a00300000000360f400fde
:103d200000000000fdff40100000000080bf023cca
:103d30003066428cff00423021e8c0031400bf8f80
:103d40001000be8f1800bd270800e003000000002f
:103d5000d8ffbd272400bfaf2000beaf1c00b0af0e
:103d600021f0a0032800c4af1000c0af660f400bc5
:103d7000000000001000c28f2800c38f2180620065
:103d8000420f400f00000000000002a21000c28f8e
:103d9000010042241000c2af360f400f00000000a7
:103da000f4ff4014000000001000c28f0500401016
:103db000000000001000c28f2800c38f2110620095
:103dc000000040a01000c28f2b100200ff00423004
:103dd00021e8c0032400bf8f2000be8f1c00b08fdd
:103de0002800bd270800e00300000000e8ffbd2711
:103df0001400beaf1000b0af21f0a0031800c4af94
:103e00001c00c5af60808293ff0042300300401465
:103e100000000000ef0f400b211000006180829332
:103e2000ff004230ffff43241c00c28f2a104300d2
:103e3000180040100000000000606241c000000057
:103e4000608080a3618080a30400c0af0068104040
:103e50000400d0af0400c38f8000023c2510620034
:103e60000400c2af0400c28f21804000006890406f
:103e70000400d0af88bf033c0010628c0100042412
:103e80000463827c001062ac20606241ef0f400b43
:103e9000fe00022461808293ff004330020002246e
:103ea000180062140000000000606241c0000000c1
:103eb000608080a3618080a30800c0af00681040cc
:103ec0000800d0af0800c38f8000023c25106200bc
:103ed0000800c2af0800c28f2180400000689040f7
:103ee0000800d0af88bf033c0010628c010004249e
:103ef0000463827c001062ac20606241ef0f400bd3
:103f0000fd000224d00f400b0000c0a30000c393ab
:103f100002a0023cb8e0422421106200000043806d
:103f20001800c28f000043a01800c28f0100422475
:103f30001800c2af0000c293010042240000c2a3d7
:103f40000000c39361808293ff004230feff422451
:103f50002a106200edff4014000000001800c28f1c
:103f6000000040a000606241c0000000608080a3ab
:103f7000618080a30c00c0af006810400c00d0af7f
:103f80000c00c38f8000023c251062000c00c2af01
:103f90000c00c28f21804000006890400c00d0af20
:103fa00088bf033c0010628c010004240463827cff
:103fb000001062ac206062410000c29321e8c0039f
:103fc0001400be8f1000b08f0800e0031800bd275a
:103fd000f8ffbd270400beaf21f0a00380bf033c63
:103fe0000066628cc47b027c006662ac21e8c00380
:103ff0000400be8f0800bd270800e0030000000099
:10400000e8ffbd271400bfaf1000beaf21f0a00332
:104010005210400f000000000f00023c40424434a8
:1040200021280000010006241210400f00000000ab
:1040300021e8c0031400bf8f1000be8f1800bd27f9
:104040000800e00300000000f8ffbd270400beaf39
:1040500021f0a0030800c4af2118a0002110c00067
:104060000c00c3a31000c2a30800c28f40180200b6
:104070006202023c005a42341b004300f40160001b
:104080001018000012100000ffff432480bf023c04
:10409000305843ac0c00c29301004230ff00443062
:1040a00080bf033c0058628c8431827c005862ac33
:1040b0001000c29301004230ff00443080bf033c37
:1040c0000058628c0442827c005862ac80bf033c82
:1040d0000058628c444a027c005862ac80bf033caa
:1040e0000058628c010004244429827c005862ac90
:1040f00080bf033c0058628c8452027c005862ac42
:1041000080bf033c0058628cc45a027c005862ace9
:1041100080bf033c4058628cc439027c405862ac7a
:1041200080bf033c0058628c01000424c47b827c65
:10413000005862ac21e8c0030400be8f0800bd2710
:104140000800e00300000000f8ffbd270400beaf38
:1041500021f0a00388bf033c1065628c0442027cfe
:10416000106562ac88bf033c1065628c8431027cb0
:10417000106562ac88bf033c1065628c8410027cc1
:10418000106562ac88bf033c1065628c010004249a
:10419000c439827c106562ac81bf023c08000324f4
:1041a00048fc43ac81bf023c0f00032484fa43acbb
:1041b00021e8c0030400be8f0800bd270800e0030b
:1041c00000000000f8ffbd270400beaf21f0a003ef
:1041d000211080000800c2a30000000080bf023c44
:1041e0001058428c08004230fcff401000000000d4
:1041f0000800c39380bf023c205843ac000000007d
:1042000080bf023c1058428c01004230fcff40103d
:104210000000000080bf023c2058428cff0042306a
:1042200021e8c0030400be8f0800bd270800e0039a
:1042300000000000d8ffbd272400bfaf2000beafa4
:104240001c00b0af21f0a003211080002c00c5afee
:104250003000c6af2800c2a388bf033c3065628c23
:104260000442027c306562ac1000c0afab10400b62
:10427000000000001000c28f2c00c38f218062005c
:104280001000c28f3000c38f2110620000004290e6
:10429000212040007110400f00000000000002a229
:1042a0001000c28f010042241000c2af2800c39347
:1042b0001000c28f2a104300eeff401400000000df
:1042c00088bf033c3065628c010004240442827c78
:1042d000306562ac21e8c0032400bf8f2000be8f90
:1042e0001c00b08f2800bd270800e003000000007c
:1042f000e8ffbd271400bfaf1000beaf21f0a00340
:1043000002a0023cabff0324ace043a002a0023cad
:10431000ace04224010040a002a0023cace04224f8
:10432000020040a002a0023cace04224030040a0f6
:1043300002a0023cace04224040040a0050004249a
:1043400002a0023ca0e0452402a0023cace04624ce
:104350008d10400f0000000002a0023ca0e04224ab
:104360000400429021e8c0031400bf8f1000be8fec
:104370001800bd270800e00300000000e8ffbd278b
:104380001400bfaf1000beaf21f0a00321108000c9
:104390001800c2a388bf033c3065628c0442027cd3
:1043a000306562ac1800c293212040007110400fac
:1043b0000000000088bf033c3065628c01000424cb
:1043c0000442827c306562ac21e8c0031400bf8fd8
:1043d0001000be8f1800bd270800e0030000000099
:1043e000e0ffbd271c00bfaf1800beaf21f0a00347
:1043f00088bf033c3065628c0442027c306562ac4d
:10440000050004247110400f00000000212000006e
:104410007110400f000000001000c2a388bf033cd1
:104420003065628c010004240442827c306562acf9
:104430001000c29321e8c0031c00bf8f1800be8f7c
:104440002000bd270800e00300000000e8ffbd27b2
:104450001400bfaf1000beaf21f0a00300000000a9
:10446000f810400f0000000001004230ff00423011
:10447000fbff40140000000021e8c0031400bf8fc0
:104480001000be8f1800bd270800e00300000000e8
:10449000e8ffbd271400bfaf1000beaf21f0a0039e
:1044a00006000424df10400f000000001311400f2d
:1044b0000000000021e8c0031400bf8f1000be8f71
:1044c0001800bd270800e00300000000e8ffbd273a
:1044d0001400bfaf1000beaf21f0a00304000424fd
:1044e000df10400f000000001311400f000000001b
:1044f00021e8c0031400bf8f1000be8f1800bd2735
:104500000800e00300000000e8ffbd271400bfaf73
:104510001000beaf21f0a0031800c4af1311400f6c
:10452000000000002411400f0000000002a0023c27
:1045300020000324ace043a01800c28f0214020044
:10454000ff00433002a0023cace04224010043a043
:104550001800c28f02120200ff00433002a0023c8a
:10456000ace04224020043a01800c28fff00433099
:1045700002a0023cace04224030043a00400042457
:1045800002a0023ca0e0452402a0023cace046248c
:104590008d10400f000000001311400f00000000bc
:1045a00021e8c0031400bf8f1000be8f1800bd2784
:1045b0000800e00300000000e8ffbd271400bfafc3
:1045c0001000beaf21f0a0031800c4af1311400fbc
:1045d000000000002411400f0000000002a0023c77
:1045e000d8ff0324ace043a01800c28f02140200dd
:1045f000ff00433002a0023cace04224010043a093
:104600001800c28f02120200ff00433002a0023cd9
:10461000ace04224020043a01800c28fff004330e8
:1046200002a0023cace04224030043a004000424a6
:1046300002a0023ca0e0452402a0023cace04624db
:104640008d10400f000000001311400f000000000b
:1046500021e8c0031400bf8f1000be8f1800bd27d3
:104660000800e00300000000e8ffbd271400bfaf12
:104670001000beaf21f0a0031311400f0000000096
:104680002411400f0000000060000424df10400fe0
:10469000000000001311400f0000000021e8c003db
:1046a0001400bf8f1000be8f1800bd270800e00364
:1046b00000000000e0ffbd271c00bfaf1800beaf28
:1046c00021f0a0032000c4af2400c5af2800c6af6e
:1046d0001311400f000000002411400f00000000e3
:1046e00088bf033c3065628c0442027c306562ac5a
:1046f000020004247110400f000000002000c28f4f
:1047000002140200ff004230212040007110400fcf
:10471000000000002000c28f02120200ff004230a1
:10472000212040007110400f000000002000c28fc7
:10473000ff004230212040007110400f00000000b7
:104740001000c0afdd11400b000000001000c28f50
:104750002400c38f211062000000429021204000fd
:104760007110400f000000001000c28f01004224b1
:104770001000c2af1000c38f2800c28f2b10620040
:10478000f2ff40140000000088bf033c3065628cdb
:10479000010004240442827c306562ac1311400f96
:1047a0000000000021e8c0031c00bf8f1800be8f6e
:1047b0002000bd270800e00300000000d8ffbd274f
:1047c0002400bfaf2000beaf1c00b0af21f0a0039b
:1047d0002800c4af2c00c5af3000c6af88bf033c73
:1047e0003065628c0442027c306562ac03000424b4
:1047f0007110400f000000002800c28f0214020058
:10480000ff004230212040007110400f00000000e6
:104810002800c28f02120200ff0042302120400017
:104820007110400f000000002800c28fff004230ce
:10483000212040007110400f000000001000c0afa8
:104840001c12400b000000001000c28f2c00c38f10
:1048500021806200212000007110400f0000000044
:10486000000002a21000c28f010042241000c2af5b
:104870001000c38f3000c28f2b106200f2ff401473
:104880000000000088bf033c3065628c01000424f6
:104890000442827c306562ac21e8c0032400bf8ff3
:1048a0002000be8f1c00b08f2800bd270800e00349
:1048b00000000000f8ffbd270400beaf21f0a003f8
:1048c00080bf033c0058628cc47b027c005862ac01
:1048d00021e8c0030400be8f0800bd270800e003e4
:1048e0000000000000e85d4100701b4002601a40bb
:1048f000d8ffbd2700601b402000baaf2400bbaf2b
:1049000044781b7c001c7b3700609b400c00a3afed
:104910000800a2af2000a38f0f00633003006014d3
:10492000000000001400beaf1000a4af21f0a003ef
:1049300030808293030043300000c3a3010042246f
:10494000ff004230308082a30000c3935c80822746
:1049500021106200000042900100c2a388bf033c06
:104960003061628c01000424446b827c306162ac53
:1049700088bf033c3060628c01000424444a827c7e
:10498000306062ac88bf033c3060628c010004245c
:104990008452827c306062ac88bf033c3061628ca0
:1049a000010004240463827c306162ac0100c29384
:1049b00001004230ff00423001004230010042302d
:1049c000ff00443088bf033c3066628c0463827c05
:1049d000306662ac0100c293020042304310020014
:1049e000ff00423001004230ff00443088bf033cea
:1049f0003060628c8473827c306062ac0100c29350
:104a00000400423083100200ff00423001004230b7
:104a1000ff00443088bf033c3063628c8431827c69
:104a2000306362ac0100c29308004230c310020040
:104a3000ff00423001004230ff00443088bf033c99
:104a40003066628c446b827c306662ac0100c2933b
:104a50001000423003110200ff00423001004230da
:104a6000ff00443088bf033c3066628cc47b827c8c
:104a7000306662ac0100c293200042304311020054
:104a8000ff00423001004230ff00443088bf033c49
:104a90003063628cc439827c306362ac0100c293a3
:104aa0004000423083110200ff00423001004230da
:104ab000ff00443088bf033c3063628c446b827ccf
:104ac000306362ac0100c293c2110200ff004230a9
:104ad00001004230ff00443088bf033c3066628ce6
:104ae0008473827c306662ac0000c29301000324b0
:104af000160043100000000002004328050060106b
:104b0000000000000b00401000000000e412400b09
:104b10000000000002000324120043100000000007
:104b2000030003241500431000000000e412400bb2
:104b30000000000088bf033c3061628c0463027c8b
:104b4000306162ace412400b0000000088bf033cff
:104b50003061628c446b027c306162ace412400bc9
:104b60000000000088bf033c3060628c444a027c35
:104b7000306062ace412400b0000000088bf033cd0
:104b80003060628c8452027c306062ac00000000b5
:104b900088bf033c3010628c0421027c301062ac70
:104ba00021e8c0032000a28f0f004230050040140e
:104bb000000000001400be8f1000a48f0c00a38f13
:104bc0000800a28f2400bb8f2000ba8f2800bd27c9
:104bd00002609a4000e8dd4100609b4018000042fe
:104be000f0ffbd270c00beaf0800b0af21f0a0035e
:104bf00080bf023cd5010324200643ac80bf023ca9
:104c0000100640ac80bf033c0006628c0200042406
:104c10000429827c000662ac80bf033c0006628ce3
:104c2000c439027c000662ac80bf033c0006628c83
:104c30004408027c000662ac80bf033c0006628c24
:104c400001000424c47b827c000662ac88bf033c64
:104c5000a010628c070004248420827ca01062ac27
:104c600088bf033ca010628c030004240408827ceb
:104c7000a01062ac88bf033c3010628c0421027c1f
:104c8000301062ac88bf033c6010628c01000424c9
:104c90000421827c601062ac0000c0af006810404c
:104ca0000000d0af0000c38f8000023c25106200de
:104cb0000000c2af0000c28f218040000068904019
:104cc0000000d0af88bf033c0010628c01000424b8
:104cd0000463827c001062ac2060624121e8c00362
:104ce0000c00be8f0800b08f0800e0031000bd2745
:104cf000e8ffbd271400bfaf1000beaf21f0a00336
:104d00004a13400f00000000f812400f000000009e
:104d100021e8c0031400bf8f1000be8f1800bd270c
:104d20000800e00300000000f8ffbd270400beaf4c
:104d300021f0a00388bf033c1066628c0463027cf0
:104d4000106662ac88bf033c1060628c8473027c86
:104d5000106062ac88bf033c1063628c8431027cbb
:104d6000106362ac88bf033c1066628c446b027cab
:104d7000106662ac88bf033c1066628cc47b027c08
:104d8000106662ac88bf033c1063628cc439027c3d
:104d9000106362ac88bf033c1063628c446b027c7e
:104da000106362ac88bf033c1066628c8473027c23
:104db000106662ac88bf033c1061628c0463027ca5
:104dc000106162ac88bf033c1061628c446b027c52
:104dd000106162ac88bf033c1060628c444a027c64
:104de000106062ac88bf033c1060628c8452027c0d
:104df000106062ac88bf033c0061628c0463027c7b
:104e0000006162ac88bf033c0061628c446b027c31
:104e1000006162ac80bf033c0070628cc47b027c8a
:104e2000007062ac21e8c0030400be8f0800bd27fb
:104e30000800e00300000000f0ffbd270c00beaf3b
:104e400021f0a003211080001000c2a3ffff022464
:104e50000000c2a31000c2931100422c07004010b2
:104e6000000000001000c393019d023c88b742245b
:104e700021106200000042900000c2a30000c29313
:104e800021e8c0030c00be8f1000bd270800e0031e
:104e900000000000d8ffbd272400bfaf2000beaf38
:104ea00021f0a003215080002148a0002140c00033
:104eb0002130e0003800c58f3c00c48f4000c38f14
:104ec0004400c28f2800caa32c00c9a33000c8a385
:104ed0003400c6a31000c5a31400c4a31800c3a3c4
:104ee0001c00c2a380bf033c0006628cc47b027c12
:104ef000000662ac2800c293212040008e13400fb0
:104f0000000000005c8082a32c00c293212040009e
:104f10008e13400f000000005d8082a33000c2931a
:104f2000212040008e13400f000000005e8082a30d
:104f30003400c293212040008e13400f0000000077
:104f40005f8082a31000c29306004014000000009e
:104f50005c80839380ff022425106200ff004230b2
:104f60005c8082a31400c29306004014000000007d
:104f70005d80839380ff022425106200ff00423091
:104f80005d8082a31800c293060040140000000058
:104f90005e80839380ff022425106200ff00423070
:104fa0005e8082a31c00c293060040140000000033
:104fb0005f80839380ff022425106200ff0042304f
:104fc0005f8082a380bf033c0006628c0100042442
:104fd000c47b827c000662ac21e8c0032400bf8f42
:104fe0002000be8f2800bd270800e003000000005d
:104ff000d8ffbd272400bfaf2000beaf21f0a00323
:105000002800c4af2110a0002c00c2a32800c28f2a
:10501000ff0042300f0044302800c28ff0004230c1
:1050200002110200ff004230212840002800c28ff8
:10503000000f423002120200ff00423021184000ef
:105040002800c28f00f0423002130200ff004230fd
:105050002c00c6930100c9302c00c6930200c63054
:1050600043300600ff00c6302140c0002c00c6932c
:105070000400c63083300600ff00c6302138c0006f
:105080002c00c6930800c630c3300600ff00c630af
:105090001000a9af1400a8af1800a7af1c00a6af5e
:1050a0002130600021384000a513400f00000000af
:1050b00021e8c0032400bf8f2000be8f2800bd2739
:1050c0000800e00300000000f8ffbd270400beafa9
:1050d00021f0a00380bf033c0006628cc47b027ced
:1050e000000662ac88bf033c3061628c010004247e
:1050f000446b827c306162ac88bf033c3060628c60
:1051000001000424444a827c306062ac88bf033cc6
:105110003060628c010004248452827c306062ac76
:1051200088bf033c3061628c010004240463827cec
:10513000306162ac21e8c0030400be8f0800bd27c7
:105140000800e00300000000e8ffbd271400bfaf27
:105150001000beaf21f0a0036114400f000000005a
:10516000040004243015400f0000000021e8c003b3
:105170001400bf8f1000be8f1800bd270800e00389
:1051800000000000f8ffbd270400beaf21f0a0031f
:1051900088bf033c1061628cc47b027c106162acee
:1051a00088bf033c1063628c4429027c106362acac
:1051b00088bf033c1063628c0421027c106362ace4
:1051c00088bf033c0061628cc47b027c006162acde
:1051d00081bf023c7cfb40ac81bf023cd4fb40acb5
:1051e00081bf023cd0fb40ac88bf033c0064628cb2
:1051f0008410027c006462ac88bf033c0064628c53
:105200000421027c006462ac88bf033c0064628cb1
:105210004429027c006462ac88bf033c0064628c59
:105220008431027c006462ac88bf033c0064628c01
:10523000c439027c006462ac21e8c0030400be8f64
:105240000800bd270800e00300000000e0ffbd27c4
:105250001c00bfaf1800beaf21f0a00321108000da
:105260002000c2a305000424df2c400f0000000032
:1052700088bf023c1064438c00ff022424186200a3
:1052800088bf023c106443ac05000424df2c400faf
:105290000000000088bf033c3063628c4429027c1c
:1052a000306362ac88bf023c306442341000c2af4d
:1052b0001000c28f2000c393000043a00a00042402
:1052c000df2c400f0000000088bf033c3063628c7d
:1052d000010004240421827c306362ac05000424b4
:1052e000df2c400f0000000088bf033c3063628c5d
:1052f0000421027c306362ac05000424df2c400fe3
:105300000000000088bf033c3063628c010004246d
:105310004429827c306362ac21e8c0031c00bf8f4b
:105320001800be8f2000bd270800e0030000000029
:10533000e0ffbd271c00bfaf1800beaf21f0a003e7
:1053400088bf023c1064428cff00433488bf023c9b
:10535000106443ac88bf033c3063628c01000424ba
:105360004429827c306362ac88bf033c3063628c2a
:10537000010004244429827c306362ac88bf033c72
:105380003063628c010004240421827c306362acaf
:1053900032000424df2c400f0000000088bf033cd3
:1053a0003063628c0421027c306362ac88bf023cb3
:1053b0002064428c1000c2a31000c29321e8c003f5
:1053c0001c00bf8f1800be8f2000bd270800e0031f
:1053d00000000000e0ffbd271c00bfaf1800beaffb
:1053e00021f0a00388bf033c3061628cc47b027c47
:1053f000306162accc14400f000000001000c2a36a
:105400001000c29321e8c0031c00bf8f1800be8f9c
:105410002000bd270800e00300000000e8ffbd27d2
:105420001400bfaf1000beaf21f0a0032110800018
:105430001800c2a388bf033c3061628cc47b027c2d
:10544000306162ac1800c293212040009314400fd9
:105450000000000021e8c0031400bf8f1000be8fc1
:105460001800bd270800e00300000000e8ffbd278a
:105470001400bfaf1000beaf21f0a00321108000c8
:105480001800c2a388bf033c3061628c0100042471
:10549000c47b827c306162ac1800c2932120400042
:1054a0009314400f0000000021e8c0031400bf8fd8
:1054b0001000be8f1800bd270800e00300000000a8
:1054c000e8ffbd271400bfaf1000beaf21f0a0035e
:1054d000211080001800c2a3409c0434df2c400f30
:1054e000000000003c0004240715400f00000000ed
:1054f0000a000424df2c400f000000003c000424bc
:105500000715400f000000000a000424df2c400fa4
:10551000000000001800c293212040005d15400fdc
:10552000000000000a000424df2c400f00000000ef
:105530006f15400f00000000a0000424df2c400f76
:1055400000000000060004240715400f00000000c2
:10555000a0000424df2c400f0000000021e8c0035d
:105560001400bf8f1000be8f1800bd270800e00395
:1055700000000000e8ffbd271400bfaf1000beaf61
:1055800021f0a003211080001800c2a31800c293cc
:105590000c004234ff004230212040000715400f2c
:1055a0000000000021e8c0031400bf8f1000be8f70
:1055b0001800bd270800e00300000000e8ffbd2739
:1055c0001400bfaf1000beaf21f0a00301000424ff
:1055d0000715400f0000000021e8c0031400bf8f32
:1055e0001000be8f1800bd270800e0030000000077
:1055f000e8ffbd271400bfaf1000beaf21f0a0032d
:10560000020004240715400f0000000021e8c00339
:105610001400bf8f1000be8f1800bd270800e003e4
:1056200000000000e0ffbd271c00bfaf1800beafa8
:1056300021f0a003211080002000c2a32000c2930b
:1056400004004010000000001c0002249615400bce
:1056500000000000180002241000c2a31000c29332
:10566000212040000715400f0000000021e8c00382
:105670001c00bf8f1800be8f2000bd270800e0036c
:1056800000000000e0ffbd271c00bfaf1800beaf48
:1056900021f0a003211080002000c2a32000c293ab
:1056a000040040100000000014000224ae15400b5e
:1056b00000000000100002241000c2a31000c293da
:1056c000212040000715400f0000000021e8c00322
:1056d0001c00bf8f1800be8f2000bd270800e0030c
:1056e00000000000e0ffbd271c00bfaf1800beafe8
:1056f00021f0a0032000c4af2118a0002110c00099
:105700002400c3a32800c2a32000c48f002a400f96
:10571000000000001000c2af1000c28f2800422815
:1057200006004014000000002000c28f2700422421
:10573000000040a0270002241000c2af2400c29342
:10574000040040140000000021100000d615400b9a
:1057500000000000400002242800c39321104300f1
:105760001500c2a31500c39380ff02242510620018
:10577000ff004230212040000715400f00000000cc
:105780001400c0a3ee15400b000000001400c293eb
:105790002000c38f2110620000004280ff004230d1
:1057a000212040001b15400f000000001400c29390
:1057b000010042241400c2a31400c3931000c28f3e
:1057c0002a106200f1ff40140000000021e8c0032d
:1057d0001c00bf8f1800be8f2000bd270800e0030b
:1057e00000000000e0ffbd271c00bfaf1800beafe7
:1057f00021f0a003211080002000c2a32000c2934a
:10580000400042341000c2a31000c2932120400087
:105810000715400f0000000021e8c0031c00bf8fe7
:105820001800be8f2000bd270800e0030000000024
:10583000e0ffbd271c00bfaf1800beaf21f0a003e2
:105840002000c4af2118a0002110c0002400c3a371
:105850002800c2a32800c29321204000f915400f60
:10586000000000001000c0a32616400b000000003e
:105870001000c2932000c38f2110620000004290ec
:10588000212040001b15400f000000001000c293b3
:10589000010042241000c2a31000c3932400c2934d
:1058a0002b106200f2ff40140000000021e8c0034a
:1058b0001c00bf8f1800be8f2000bd270800e0032a
:1058c0000000000000e85d4100701b4002601a40cb
:1058d00088ffbd277400bbaf00601b406c00baafef
:1058e0007000bbaf44781b7c00087b3700609b4096
:1058f0001c00a3af1800a2af6c00a38f0f00633091
:1059000012006014000000005c00bfaf5800beaf82
:105910005400b9af5000b8af4c00afaf4800aeafc5
:105920004400adaf4000acaf3c00abaf3800aaaf15
:105930003400a9af3000a8af2c00a7af2800a6af55
:105940002400a5af2000a4af1400a1af12100000e6
:105950006400a2af101800006000a3af21f0a00304
:105960003480829350004010000000007480828fc9
:1059700016004014000000007880828f010042244d
:10598000788082af7880838f2c0102240f0062140c
:105990000000000001000224748082af788080af94
:1059a0000700042421280000d226400f0000000038
:1059b0000600042401000524d226400f0000000048
:1059c000020004244918400f000000007480838ff7
:1059d0000100022416006214000000007880828f0b
:1059e00001004224788082af7880838fd007022420
:1059f0000f0062140000000002000224748082afd5
:105a0000788080af0600042421280000d226400fb1
:105a1000000000000500042401000524d226400fe8
:105a200000000000030004244918400f000000009b
:105a30007480838f020002240e00621400000000b4
:105a40007880828f01004224788082af7880838fb3
:105a5000d00702240700621400000000050004249f
:105a600021280000d226400f000000001a19400f24
:105a7000000000007480838f030002240a00621477
:105a8000000000007880828f01004224788082af7d
:105a90007880838fe8030224030062140000000072
:105aa0001a19400f00000000358082933a00401020
:105ab000000000006880828f01004224688082af6d
:105ac0006880838fd0070224040062140000000065
:105ad000688080af01000224248082a36480828fca
:105ae00001004224648082af6480838ff401022429
:105af0002900621400000000648080af3c80829323
:105b0000211840000300643002a0033c8020040000
:105b1000bce36324211883000000638c010042244d
:105b2000ff0042303c8082a321206000251e400ff0
:105b3000000000003d8082932118400002a0023c3a
:105b400080180300a8e34224211062000000438c67
:105b50003d80829321204000148082272110820002
:105b6000000042902120600021284000fc13400fdb
:105b7000000000003d80829301004224ff0042307b
:105b80003d8082a33d8083930500022402006214bd
:105b9000000000003d8080a388bf033c3010628c71
:105ba000c49c027c301062ac21e8c0036400a28f68
:105bb000130040006000a38f110060006c00a28ff2
:105bc0000f00423014004014000000005c00bf8f42
:105bd0005800be8f5400b98f5000b88f4c00af8f63
:105be0004800ae8f4400ad8f4000ac8f3c00ab8fbf
:105bf0003800aa8f3400a98f3000a88f2c00a78fff
:105c00002800a68f2400a58f2000a48f1c00a38f3e
:105c10001800a28f1400a18f00606041c000000036
:105c20007400ba8f7000bb8f00709a406c00ba8ffe
:105c30007800bd2702609a4000e8dd4100609b408b
:105c400018000042f8ffbd270400beaf21f0a003fa
:105c50003880828f2c0040140000000080bf023c7e
:105c600010270324200c43ac80bf023c100c40ac36
:105c700080bf033c000c628c030004240431827c4e
:105c8000000c62ac80bf033c000c628cc439027c07
:105c9000000c62ac80bf033c000c628c4408027ca8
:105ca000000c62ac80bf033c000c628c0100042439
:105cb000c47b827c000c62ac88bf033cd010628c39
:105cc000020004248420827cd01062ac88bf033c94
:105cd000d010628c0408027cd01062ac88bf033cf8
:105ce0003010628cc49c027c301062ac88bf033cd4
:105cf0006010628c01000424c49c827c601062ac41
:105d000001000224388082af21e8c0030400be8f66
:105d10000800bd270800e00300000000e0ffbd27e9
:105d20001c00bfaf1800beaf21f0a0030100022489
:105d30001100c2a301000224358082a3348080a315
:105d4000648080afb526400f00000000d61d400fd4
:105d5000000000003c13400f000000001000c0a332
:105d60006517400b000000001000c3936c80822771
:105d7000211062001100c393000043a01100c293e0
:105d8000401002001100c2a31000c293010042247f
:105d90001000c2a31000c2930800422cf2ff40146e
:105da000000000001117400f000000000100022455
:105db00021e8c0031c00bf8f1800be8f2000bd2744
:105dc0000800e00300000000e8ffbd271400bfaf9b
:105dd0001000beaf21f0a0031800c4af358080a32f
:105de00001000224348082a3748080af788080af69
:105df000b526400f000000005a2a400f00000000a6
:105e0000800004245527400f000000001117400fa8
:105e1000000000001800c48f019d023cd8b6452444
:105e200016000624a629400f0000000001000224ed
:105e300021e8c0031400bf8f1000be8f1800bd27db
:105e40000800e00300000000e8ffbd271400bfaf1a
:105e50001000beaf21f0a0031800c4af358080a3ae
:105e600001000224348082a303000224748082afe4
:105e7000788080af1117400f000000002120000043
:105e80004918400f000000001800c48f019d023c1b
:105e9000f0b6452412000624a629400f0000000099
:105ea0000100022421e8c0031400bf8f1000be8f40
:105eb0001800bd270800e0030000000000e85d4175
:105ec00000701b4002601a4078ffbd2700601b4035
:105ed0008000baaf8400bbaf44781b7c001c7b37ca
:105ee00000609b402400a3af2000a2af8000a38fde
:105ef0000f00633014006014000000006c00bfaf9e
:105f00006800beaf6400b9af6000b8af5c00b1af6d
:105f10005800b0af5400afaf5000aeaf4c00adafc3
:105f20004800acaf4400abaf4000aaaf3c00a9af03
:105f30003800a8af3400a7af3000a6af2c00a5af43
:105f40002800a4af1c00a1af121000007400a2af83
:105f5000101800007000a3af21f0a00310808293fe
:105f600011004014000000005480838f4c80828f09
:105f7000010042244c8082af4c80848f5080828ffd
:105f80001a008200f40140001010000040100200ce
:105f9000211062000000429480100200211840008d
:105fa00080bf023c203043ac108083930100022468
:105fb0000a00621400000000fe2b400f00000000e9
:105fc0002118400080bf023c200a428c02106270ff
:105fd000821a020080bf023c203043ac10808393c1
:105fe000020002240f006214000000005480838f1e
:105ff0004c80908f5080828f1a000202f401400082
:10600000101000004010020021886200fe2b400f9b
:1060100000000000ffff4230000022a6010002261f
:106020004c8082af1080839303000224140062141a
:10603000000000005480838f4c80828f0100422436
:106040004c8082af4c80848f5080828f1a008200f7
:10605000f401400010100000401002002110620006
:10606000000042941000c2a71000c29780100200e6
:106070001000c2a71000c39780bf023c203043ac81
:1060800088bf033c3010628c8473027c301062ac99
:1060900021e8c0037400a28f130040007000a38f9a
:1060a000110060008000a28f0f00423016004014e3
:1060b000000000006c00bf8f6800be8f6400b98fc5
:1060c0006000b88f5c00b18f5800b08f5400af8f64
:1060d0005000ae8f4c00ad8f4800ac8f4400ab8faa
:1060e0004000aa8f3c00a98f3800a88f3400a78fea
:1060f0003000a68f2c00a58f2800a48f2400a38f2a
:106100002000a28f1c00a18f8400bb8f8000ba8f5b
:106110008800bd2702609a4000e8dd4100609b4096
:1061200018000042d8ffbd272400bfaf2000beaf3b
:106130001c00b0af21f0a003211080001a19400ffd
:106140002800c2a32800c293d918400f108082a350
:106150001080829301000324190043100000000006
:106160000200432805006010000000000b004010f2
:10617000000000008918400b00000000020003240a
:106180001500431000000000030003241d0043100d
:10619000000000008918400b0000000080bf023c96
:1061a00041030324200a43ac02a0023c74e34424cc
:1061b000f518400f190005248918400b0000000055
:1061c000de2b400f0000000080bf023cc409032406
:1061d0008918400b200a43acde2b400f0000000062
:1061e00080bf023cc4090324200a43ac00a0023c47
:1061f000a00044240919400f00f005348918400b11
:106200000000000080bf023cc4090324200a43ac04
:1062100000a0023ca0004424f518400f00f0053413
:106220000000000080bf023c100a40ac80bf033c6d
:10623000000a628c0431027c000a62ac80bf033c1d
:10624000000a628cc439027c000a62ac80bf033c45
:10625000000a628c4408027c000a62ac80bf033ce6
:10626000000a628c01000424c47b827c000a62acb8
:1062700080bf033c0030628cc47b027c003062ac87
:1062800080bf033c0030628c060004240410827c32
:10629000003062ac80bf033c0030628c01000424fb
:1062a000c418827c003062ac80bf033c0030628c3a
:1062b00001000424c47b827c003062ac88bf033cb4
:1062c000c010628c070004248420827cc01062ac61
:1062d00088bf033cc010628c030004240408827c45
:1062e000c01062ac88bf033c6010628c01000424c3
:1062f0008473827c601062ac88bf033c3010628c77
:106300008473027c301062ac1000c0af0068104093
:106310001000d0af1000c38f8000023c2510620037
:106320001000c2af1000c28f218040000068904072
:106330001000d0af88bf033c0010628c0100042421
:106340000463827c001062ac2060624121e8c003db
:106350002400bf8f2000be8f1c00b08f0800e00318
:106360002800bd27f8ffbd270400beaf21f0a00321
:1063700088bf033c1061628c8473027c106162ac44
:1063800081bf023c0c00032478fb43ac88bf033c74
:106390000061628c8473027c006162ac21e8c003fe
:1063a0000400be8f0800bd270800e00300000000c5
:1063b000f8ffbd270400beaf21f0a0031080829338
:1063c00021e8c0030400be8f0800bd270800e003d9
:1063d00000000000f8ffbd270400beaf21f0a003bd
:1063e0000800c4af0c00c5af4c8080af0c00c28f5a
:1063f000508082af0800c28f548082af5480828f59
:10640000000042942118400080bf023c203043ac81
:1064100021e8c0030400be8f0800bd270800e00388
:1064200000000000f8ffbd270400beaf21f0a0036c
:106430000800c4af0c00c5af0c00c28f508082af03
:106440004c8080af0800c28f548082af80bf023c76
:10645000203040ac21e8c0030400be8f0800bd27f7
:106460000800e00300000000f8ffbd270400beaff5
:1064700021f0a00380bf033c000a628cc47b027c35
:10648000000a62ac80bf033c0030628cc47b027c9b
:10649000003062ac21e8c0030400be8f0800bd27b5
:1064a0000800e00300000000e8ffbd271400bfafb4
:1064b0001000beaf21f0a003211080001800c2a37d
:1064c0001800c293118082a35619400f00000000eb
:1064d000118082932b100200ff00443088bf033ce0
:1064e0003065628c4408827c306562ac1180829396
:1064f0000b0040100000000081bf023c0b00032491
:1065000020fc43ac81bf023c0b00032454fb43ac92
:106510007a19400f000000005019400b00000000e5
:1065200081bf023c20fc40ac81bf023c54fb40ac2c
:106530000c00042404000524211a400f0000000070
:1065400021e8c0031400bf8f1000be8f1800bd27c4
:106550000800e00300000000f8ffbd270400beaf04
:1065600021f0a00388bf033c1065628c4408027cc4
:10657000106562ac88bf033c1061628cc418027c59
:10658000106162ac88bf033c1064628c0442027ce0
:10659000106462ac88bf033c1064628c444a027c85
:1065a000106462ac88bf033c1061628c4429027c99
:1065b000106162ac88bf033c0061628cc418027c2d
:1065c000006162ac88bf033c0061628c4429027c9c
:1065d000006162ac21e8c0030400be8f0800bd2743
:1065e0000800e00300000000f0ffbd270c00beaf74
:1065f00021f0a00380bf023c000a428cc003427c11
:10660000ff0042300000c2a30000c29315004014f6
:106610000000000080bf033c000a628c0431027c51
:10662000000a62ac80bf033c000a628cc439027c61
:10663000000a62ac80bf033c000a628c4408027c02
:10664000000a62ac80bf033c000a628c0100042493
:10665000c47b827c000a62ac80bf023cd00703246a
:10666000200a43ac80bf033c0032628cc47b027cb6
:10667000003262ac80bf033c0032628c060004240e
:106680000410827c003262ac80bf033c0032628c1a
:1066900001000424c418827c003262ac80bf033c39
:1066a0000032628c01000424c47b827c003262ac24
:1066b00080bf033c0034628cc47b027c003462ac3b
:1066c00080bf033c0034628c060004240410827cea
:1066d000003462ac80bf033c0034628c01000424af
:1066e000c418827c003462ac80bf033c0034628cee
:1066f00001000424c47b827c003462ac21e8c00326
:106700000c00be8f1000bd270800e0030000000051
:10671000e0ffbd271c00bfaf1800beaf21f0a003f3
:10672000211080002000c2a32000c39380bf023c40
:10673000200a428c01004224021062702120400095
:106740003f2d400f0000000021184000019d023c39
:1067500021206000c4b7458cab28400f000000002a
:106760001000c2af1000c48fa22c400f0000000028
:10677000ffff423021e8c0031c00bf8f1800be8f0e
:106780002000bd270800e00300000000e8ffbd274f
:106790001400bfaf1000beaf21f0a003211880008d
:1067a0002110a0001800c3a31c00c2a31180829373
:1067b0000f004010000000001800c2932b100200d0
:1067c000ff00443088bf033c3061628cc418827c77
:1067d000306162ac1c00c29321204000c419400ffc
:1067e000000000002118400080bf023c203243ac72
:1067f00021e8c0031400bf8f1000be8f1800bd2712
:106800000800e00300000000e8ffbd271400bfaf50
:106810001000beaf21f0a003211880002110a000bd
:106820001800c3a31c00c2a3118082930f00401064
:10683000000000001800c2932b100200ff0044303b
:1068400088bf033c3064628c444a827c306462ac12
:106850001c00c29321204000c419400f000000001a
:106860002118400080bf023c203443ac21e8c00323
:106870001400bf8f1000be8f1800bd270800e00372
:1068800000000000f8ffbd270400beaf21f0a00308
:10689000211880002110a0000800c3a30c00c2a38f
:1068a0001180829305004014000000000800c2938c
:1068b000288082a30c00c293128082a321e8c00327
:1068c0000400be8f0800bd270800e00300000000a0
:1068d000f0ffbd270c00beaf21f0a0031000c4af35
:1068e0002110a0001400c2a3118082934d00401417
:1068f000000000000000c0af841a400b0000000040
:1069000028808293080042302b100200ff004430a0
:1069100088bf033c3061628cc418827c306162acf9
:1069200028808293040042302b100200ff00443084
:1069300088bf033c3064628c444a827c306462ac21
:1069400028808293020042302b100200ff00443066
:1069500088bf033c3064628c0442827c306462ac49
:106960002880829301004230ff0042300100423013
:1069700001004230ff00443088bf033c3061628c2c
:106980004429827c306162ac1400c2931000401034
:10699000000000002880829342100200ff00423075
:1069a000201c027c28808293c01002002014027cec
:1069b000251062002014027cff0042300f0042309c
:1069c000ff004230288082a3811a400b00000000a3
:1069d0002880829340100200201c027c2880829331
:1069e000c2100200ff0042302014027c2510620019
:1069f0002014027cff0042300f004230ff00423082
:106a0000288082a30000c28f010042240000c2af90
:106a10000000c38f1000c28f2a106200b8ff40141c
:106a20000000000021e8c0030c00be8f1000bd274d
:106a30000800e00300000000f8ffbd270400beaf1f
:106a400021f0a003118082930d004010000000008f
:106a500080bf033c0032628cc47b027c003262ac9b
:106a600080bf033c0034628cc47b027c003462ac87
:106a700080bf033c000a628cc47b027c000a62accb
:106a800021e8c0030400be8f0800bd270800e00312
:106a900000000000e8ffbd271400bfaf1000beaf2c
:106aa00021f0a0031800c4afb71a400f0000000087
:106ab000ff1a400f000000001800c48f221b400f77
:106ac0000000000021e8c0031400bf8f1000be8f3b
:106ad0001800bd270800e00300000000f8ffbd27f4
:106ae0000400beaf21f0a00388bf033c1066628c97
:106af0004408027c106662ac88bf033c1061628c63
:106b0000c439027c106162ac88bf033c1061628ca6
:106b1000010004248431827c106162ac88bf033c94
:106b20000061628c8431027c006162ac88bf033cee
:106b30000061628cc439027c006162ac21e8c00350
:106b40000400be8f0800bd270800e003000000001d
:106b5000e8ffbd271400bfaf1000beaf21f0a003b7
:106b600001000424df2c400f0000000088bf033c1c
:106b70003066628c010004244408827c306662ac7a
:106b800001000424df2c400f0000000088bf033cfc
:106b90003061628c01000424c439827c306162acb3
:106ba00001000424df2c400f0000000088bf033cdc
:106bb0003066628c4408027c306662ac01000424ba
:106bc000df2c400f0000000088bf033c3061628c66
:106bd000c439027c306162ac01000424df2c400f18
:106be0000000000021e8c0031400bf8f1000be8f1a
:106bf0001800bd270800e00300000000e8ffbd27e3
:106c00001400bfaf1000beaf21f0a00301000424a8
:106c1000df2c400f0000000088bf033c3061628c15
:106c2000c439027c306162ac01000424df2c400fc7
:106c30000000000088bf033c3066628c0100042421
:106c40004408827c306662ac01000424df2c400fd3
:106c50000000000088bf033c3066628c4408027c60
:106c6000306662ac01000424df2c400f00000000fd
:106c700021e8c0031400bf8f1000be8f1800bd278d
:106c80000800e00300000000e8ffbd271400bfafcc
:106c90001000beaf21f0a0031800c4af81bf023cba
:106ca0000500032470fa43ac81bf023c04000324b6
:106cb0005cfb43ac80bf033c0068628cc47b027cfd
:106cc000006862ac80bf033c0068628c446b027c4d
:106cd000006862ac80bf033c0068628cc45a027cce
:106ce000006862ac80bf033c0068628c0442027c96
:106cf000006862ac80bf033c0068628c444a027c3e
:106d0000006862ac80bf033c0068628cc439027cbe
:106d1000006862ac80bf033c0068628c8431027cf6
:106d2000006862ac80bf033c0068628c4429027c2e
:106d3000006862ac80bf033c0068628c0421027c66
:106d4000006862ac80bf033c0068628cc418027c9f
:106d5000006862ac80bf033c0068628c8410027cd7
:106d6000006862ac80bf033c0068628c4408027c0f
:106d7000006862ac80bf033c0068628c0400027c47
:106d8000006862ac1800c28f001102002120400090
:106d90003f2d400f00000000019d033cc8b7648cec
:106da00021284000ab28400f0000000021184000bf
:106db000019d023c21206000ccb7458c0d28400f7e
:106dc00000000000212040000b2c400f00000000bc
:106dd000019d063c2120400021286000d4b7c78ccb
:106de000d0b7c68c9021400f000000002120400049
:106df000212860005d2c400f000000002118400099
:106e000080bf023c406843ac80bf033c0068628c9a
:106e100001000424c47b827c006862ac80bf033c18
:106e20001068628c010004248452827c106862ac79
:106e300080bf033c1068628c010004240463827ce0
:106e4000106862ac80bf033c0068628c01000424bf
:106e50000463827c006862ac80bf033c1068628c73
:106e600001000424446b827c106862ac21e8c003fa
:106e70001400bf8f1000be8f1800bd270800e0036c
:106e800000000000f8ffbd270400beaf21f0a00302
:106e9000211080000800c2a30000000080bf023c57
:106ea0001068428c00024230fcff401400000000d9
:106eb0000800c38380bf023c206843ac21e8c003c4
:106ec0000400be8f0800bd270800e003000000009a
:106ed000e0ffbd271c00bfaf1800beaf21f0a0032c
:106ee0002000c4af2400c5af1000c0af2000c28f87
:106ef0000d0040140000000000000000e81b400fdf
:106f000000000000fdff401000000000df1b400bf0
:106f1000000000001000c28f010042241000c2af28
:106f2000cb1b400b0000000000000000e81b400fde
:106f30000000000006004014000000001000c38f95
:106f40002000c28f2b106200f2ff401400000000ee
:106f50001000c38f2000c28f0600621400000000e2
:106f60002400c28f01000324000043a0df1b400b5c
:106f7000000000002400c28f000040a080bf023c3f
:106f80003068428cff00423021e8c0031c00bf8ff4
:106f90001800be8f2000bd270800e003000000009d
:106fa000f8ffbd270400beaf21f0a00380bf023c64
:106fb0001068428c0000427cff00423021e8c00390
:106fc0000400be8f0800bd270800e0030000000099
:106fd000f8ffbd270400beaf21f0a00380bf033c33
:106fe0000068628cc47b027c006862ac21e8c0034c
:106ff0000400be8f0800bd270800e0030000000069
:020000040000fa
:020000041d00dd
:107000004050050042550a00c04a0500427d040078
:1070100025482f01c042040000800e3c25482e0167
:1070200040680700426d0d00c0620700427d060007
:1070300025608f01c05a060025608e012628a70012
:107040002428ae00ffff4f25fe07e12dcb002010c6
:1070500000000000ffffaf25fe07e12df400201027
:107060000000000023504d01ff034a254240080064
:10707000c07f090025400f0142480900023c0c0076
:10708000f401e0001b00270112700000104800000e
:10709000ffff86311900ce0012200000004c0900cd
:1070a000027c080025482f012b7824010600e011fe
:1070b00023482401ffffce2521482c012b082c0159
:1070c000fcff201000000000f401e0001b0027017d
:1070d00012380000104800001900c70012200000fc
:1070e000004c0900ffff0f3125482f012b782401a8
:1070f0000600e01123482401ffffe72421482c016a
:107100002b082c01fcff20100000000000740e0072
:107110002170c7011900cb011238000010200000b7
:10712000000008242b780701234007012b102f01b2
:1071300023482f012b7824012578e2010b00e01170
:1071400023482401ffffce2521400b012b780b01a2
:1071500021482c0121482f0102002c1100000000c1
:107160002b782c01f7ffe0110000000006002c1521
:107170000000000025200b002548080000000d2419
:107180002a00001025380d00023c0c00f401e0003c
:107190001b0027011268000010480000ffff863125
:1071a0001900cd0012200000004c0900027c0800ec
:1071b00025482f012b7824010600e01123482401e3
:1071c000ffffad2521482c012b082c01fcff2010ce
:1071d00000000000f401e0001b002701123800004d
:1071e000104800001900c70012200000004c0900e0
:1071f000ffff0f3125482f012b7824010600e011f5
:1072000023482401ffffe72421482c012b082c01ef
:10721000fcff201000000000006c0d002168a70199
:107220001900ab01123800001020000000000824f3
:107230002b780701234007012b102f0123482f0132
:107240002b7824012578e2010b00e011234824016a
:10725000ffffad2521400b012b780b0121482c01ac
:1072600021482f0102002c11000000002b782c0176
:10727000f7ffe011000000000600c005000000005c
:107280002a78a0012168ad012170ce012170cf01c3
:10729000ffff4a25257828010200e01100000000c8
:1072a0000100ad3525480e0025400d00ffff4f259c
:1072b000fe07e12d15002010000000000004082545
:1072c00000040f2d21482f012b782f0121504f0151
:1072d000c27a08000100ef3123400f01c2220800ea
:1072e000407d090025208f0040780900027b0f00b7
:1072f0002528af00007d0a002528af0025100400d6
:10730000251805000800e003000000004400401daf
:107310000000000001000e242370ca012000c12dce
:107320000700201400000000e0ffce212b20080001
:107330000d00091025402401f8ff00100000093459
:107340000900c0110000000022300e000420c80017
:107350000430c9000640c8010648c9010200801077
:107360002540c800020008350004082500040f2d40
:1073700021482f01d6ff0010c25709002a780001ca
:1073800021400801214829011700401521482f01fb
:10739000257828011400e0110000000008002015e5
:1073a00000000000030000150000000029ff00108d
:1073b00000000a242548000100000824e0ff4a25b7
:1073c00020702e7123ffc0110000000023504e01d9
:1073d00022300e000630c8000440c8010448c9012c
:1073e0001cff00102548260105004d150000000077
:1073f00040780c002578eb012b00e0110000000024
:10740000ff0701240a00a11100000000bbff40118a
:1074100000000000257828012300e015000000008e
:10742000f07f013c2528a100b4ff001000000424d7
:107430002a78600121586b0121608c011700a0158a
:1074400021608f0125788b01f5ffe011000000001d
:107450000800801500000000030060150000000017
:1074600000ff001000000d242560600100000b24c7
:10747000e0ffad2520708e71fafec0110000000003
:107480002368ae0122300e000630cb000458cb0139
:107490000460cc01f3fe00102560860125788b0185
:1074a0000200e01100000000f8ff053c93ff00100f
:0874b0000000042400000000ac
:020000040000fa
:020000041d00dd
:1074b80000e85d4100701b4002601a40e0ffbd27f4
:1074c8001c00bbaf00601b401400baaf1800bbaf74
:1074d80044781b7c00087b3700609b400400a3af06
:1074e8000000a2af1400a38f0f00633003006014e4
:1074f800000000000c00beaf0800a4af21f0a003fc
:1075080058808293ff004230211840002a808297d9
:1075180021106200ffff42302a8082a7598082939f
:10752800ff004230211840002c8082972110620011
:10753800ffff42302c8082a75a808293ff0042309e
:10754800211840002e80829721106200ffff4230f0
:107558002e8082a72a808297000142302b100200d9
:10756800ff00443088bf033c3063628c8410827c07
:10757800306362ac2c808297000142302b100200ed
:10758800ff00443088bf033c3063628c0463827c14
:10759800306362ac2e808297000142302b100200cb
:1075a800ff00443088bf033c3063628cc418827c7f
:1075b800306362ac2a808297ff004230ffff42307e
:1075c8002a8082a72c808297ff004230ffff42303a
:1075d8002c8082a72e808297ff004230ffff423026
:1075e8002e8082a788bf033c3010628c04c6027cc0
:1075f800301062ac21e8c0031400a28f0f004230a3
:1076080005004014000000000c00be8f0800a48f85
:107618000400a38f0000a28f00606041c00000003a
:107628001c00ba8f1800bb8f00709a401400ba8fe4
:107638002000bd2702609a4000e8dd4100609b40c1
:1076480018000042f0ffbd270c00beaf0800b0af25
:1076580021f0a00380bf023c2f000324200e43ac7e
:1076680080bf023c100e40ac80bf033c000e628c11
:10767800030004240431827c000e62ac80bf033c0a
:10768800000e628cc439027c000e62ac80bf033ce1
:10769800000e628c4408027c000e62ac88bf033c7a
:1076a800e010628c020004248420827ce01062ac2a
:1076b80088bf033ce010628c0408027ce01062acd6
:1076c80088bf033c3010628c04c6027c301062ac68
:1076d80088bf033c6010628c0100042404c6827ccd
:1076e800601062ac80bf033c000e628c0100042471
:1076f800c47b827c000e62ac0000c0af0068104002
:107708000000d0af0000c38f8000023c251062004b
:107718000000c2af0000c28f218040000068904086
:107728000000d0af88bf033c0010628c0100042425
:107738000463827c001062ac2060624121e8c003cf
:107748000c00be8f0800b08f0800e0031000bd27b2
:10775800e8ffbd271400bfaf1000beaf21f0a003a3
:10776800f01d400f00000000931d400f00000000b6
:1077780088bf033c3063628c8410027c306362ac47
:1077880088bf033c3063628c0463027c306362ac64
:1077980088bf033c3063628cc418027c306362acdf
:1077a80021e8c0031400bf8f1000be8f1800bd274a
:1077b8000800e00300000000f8ffbd270400beaf8a
:1077c80021f0a00381bf023cc8fb40ac88bf033c4a
:1077d8001063628c8410027c106362ac81bf023c2f
:1077e800f0fb40ac88bf033c1063628c0463027cee
:1077f800106362ac81bf023cccfb40ac88bf033c49
:107808001063628cc418027c106362ac88bf033cae
:107818000063628c8410027c006362ac88bf033c06
:107828000063628cc418027c006362ac21e8c00368
:107838000400be8f0800bd270800e0030000000018
:10784800f8ffbd270400beaf21f0a0032118a00057
:107858002110c0000800c4a30c00c3a31000c2a3d9
:107868000800c293588082a30c00c293598082a357
:107878001000c2935a8082a321e8c0030400be8f7f
:107888000800bd270800e00300000000e0ffbd2756
:107898001c00bfaf1800beaf21f0a0032000c4af8a
:1078a8002000c2271000c2af1000c28f020042247d
:1078b80000004290212040001000c28f01004224a5
:1078c80000004290211840001000c28f0000429032
:1078d8002128600021304000121e400f00000000e7
:1078e80021e8c0031c00bf8f1800be8f2000bd27f1
:1078f8000800e00300000000f8ffbd270400beaf49
:1079080021f0a00380bf033c000e628cc47b027c84
:10791800000e62ac88bf033c3063628c8410027c2a
:10792800306362ac88bf033c3063628c0463027cc2
:10793800306362ac88bf033c3063628cc418027c3d
:10794800306362ac21e8c0030400be8f0800bd2785
:107958000800e003000000002110c0002140800062
:107968003f00e0142118a0002b30a6004c00c010e6
:10797800000000002020447008008050022402000b
:10798800232804000628a800041883000410820095
:107998002518a30004408800022402001b0064008c
:1079a800f4018000ffff4930025c08001238000033
:1079b800105000000230e970002c0a002528ab00a6
:1079c8002b50a6001b006400f40180000b0040113e
:1079d8002318a6002128a2002b18a2000600601474
:1079e800ffffe7242b18a600040060102318a60048
:1079f800ffffe7242128a2002318a6001b0064002b
:107a0800f4018000ffff0831122800001030000048
:107a18000248a970003406002540c8002b3009012f
:107a28001b006400f40180000700c010214002011f
:107a38002b10020104004014ffffa5242b48090164
:107a480001002055ffffa524003c07002528a700ba
:107a5800212000002110a0000800e0032118800068
:107a68002b10a70048004054212000002018e37084
:107a78004900601420000c242b28e5000300a01402
:107a88002b3086008600c014212000002120000031
:107a9800010005242110a0000800e003211880003f
:107aa8000600401420184370010003241b006200e4
:107ab800f401400012100000201843707b0060544d
:107ac800200008242328a20002340200ffff4930c6
:107ad800010004241b00a600f401c0000264080091
:107ae80012380000105800000250e970001c0b000a
:107af80025186c002b586a001b00a600f401c00072
:107b08000900605123186a00211862002b286200be
:107b18000400a014ffffe7242b286a00a300a05448
:107b2800ffffe72423186a001b006600f401c00069
:107b3800ffff083112280000105000000248a97009
:107b480000540a00254048012b5009011b0066001b
:107b5800f401c00007004011214002012b1002016e
:107b680004004014ffffa5242b48090101002055fb
:107b7800ffffa524003c07002528a7002110a0002e
:107b88000800e00321188000212800002110a0002f
:107b98000800e00321188000236083010640860165
:107ba80004386700254007010214080006388501db
:107bb8001b00e200f4014000ffff0d3104286500be
:107bc8000660840125608501024c0c0012580000f3
:107bd8001078000002706d7100540f0025504901a3
:107be8002b284e011b00e200f40140000a00a010ff
:107bf80004306600215048012b2848010600a014d3
:107c0800ffff6b252b284e010400a05023504e0186
:107c1800ffff6b252150480123504e011b004201f4
:107c2800f4014000ffff8c311228000010700000a2
:107c38000268ad70004c0e0025482c012b382d0130
:107c48001b004201f40140000b00e050005c0b00f7
:107c5800214828012b10280106004014ffffa52405
:107c68002b102d0104004050005c0b00ffffa524e1
:107c780021482801005c0b002528ab001900a6004c
:107c880023482d01103800002b402701440000151f
:107c9800123000003f00271104206400212000005a
:107ca8002110a0000800e0032118800004106200e1
:107cb8002340030106380501023402001b00e600d8
:107cc800f401c0000640040104286500ffff4930a4
:107cd80025280501044064000264050012500000d4
:107ce8001058000002204971005c0b0025188b0118
:107cf8002b5864001b00e600f401c0000b00605123
:107d080023186400211862002b3862000600e01472
:107d1800ffff4a252b3864000400e0502318640054
:107d2800ffff4a2521186200231864001b00660023
:107d3800f401c000ffffa530122000001058000019
:107d480002388970005c0b00252865012b58a700b4
:107d58001b006600f401c0000b00605100540a00cb
:107d68002128a2002b18a20006006014ffff84241b
:107d78002b18a7000400605000540a00ffff842459
:107d88002128a20000540a002328a700b71e400b90
:107d980025208a002b308600c1ffc050212000001a
:107da800ffffa5242a1f400b21200000cb1e400bfb
:107db800211862002148c000214080003b00e014e7
:107dc8002118a0002b10a600480040102010c270f7
:107dd80008004010023c0900232002000620880009
:107de800041845000448460025188300044048004c
:107df800023c09001b006700f401e000ffff2a3184
:107e0800022c0800125800001020000002586a7165
:107e1800003404002530c5002b60cb001b00670030
:107e2800f401e000090080112318cb002130c900bb
:107e38002b18c900050060142318cb002b18cb00a1
:107e4800010060542130c9002318cb001b006700d3
:107e5800f401e000ffff08311220000010280000a4
:107e680002508a70002c05002540a8002b200a012a
:107e78001b006700f401e0000900805023400a015c
:107e8800214009012b1809010500605423400a010b
:107e98002b180a01010060542140090123400a01fe
:107ea800061048000800e003211800002b10a70066
:107eb800420040142050ea704300401520000c2472
:107ec8002b10e50005004014231086002b108600b7
:107ed800c800405421108000231086002328a700e2
:107ee8002b2082000800e0032318a4000600c01419
:107ef80020102271010002241b004600f401c0007a
:107f080012480000201022717d00405420000824ef
:107f18002330a900021c0900ffff2a311b00c300ff
:107f2800f4016000026408001220000010580000ec
:107f380002208a70003c0b002538ec002b58e40026
:107f48001b00c300f4016000090060112328e4004d
:107f58002138e9002b28e9000500a0142328e400b3
:107f68002b28e4000100a0542138e9002328e4006c
:107f78001b00a300f4016000ffff0831122000007d
:107f88001030000002508a70003406002540c800f6
:107f98002b200a011b00a300f4016000c0ff8050e1
:107fa80023400a01214009012b180901bcff605434
:107fb80023400a01a71f400b2b180a01211080003b
:107fc8000800e0032118a00023608a010438470153
:107fd800065886012558670106688501023c0b0092
:107fe8001b00a701f401e000ffff6f3106108401b8
:107ff80004284501252845000214050004304601df
:10800800127000001018000002c0cf71004c03006d
:10801800254822012b1038011b00a701f401e000bc
:108028000a0040100420440121482b012b102b0189
:1080380006004014ffffce252b10380104004050e5
:1080480023483801ffffce2521482b01234838015a
:108058001b002701f401e000ffffa53012680000b3
:10806800101800000278af710014030025104500b5
:108078002b184f001b002701f401e0000b006010d3
:1080880000440e0021104b002b184b000700601411
:10809800ffffad252b184f00050060102540a801f3
:1080a800ffffad2521104b0000440e002540a8011c
:1080b8001900060123784f00104800001240000004
:1080c8002b28e90121182001213820014000a014a3
:1080d800121000004300e9512b1882002318e30115
:1080e800233088002b208600231864000460830155
:1080f8000610460125104c000800e003061843014d
:10810800234002010448490006380501021c090001
:108118001b00e300f4016000ffff2a310660040140
:108128000428450025608501022c0c000440440009
:10813800125800001068000002586a71006c0d00a7
:108148002520ad002b288b001b00e300f401600004
:108158000900a05023208b00212089002b288900aa
:108168000500a05423208b002b288b000100a0546d
:108178002120890023208b001b008300f40160006c
:10818800ffff8c3112280000103800000228aa7066
:10819800003407002530cc002b38c5001b008300b5
:1081a800f40160005dffe0502330c5002130c900b4
:1081b8002b20c90059ff80542330c5002b20c5004f
:1081c800010080542130c900c91f400b2330c5006d
:1081d800234046002318eb002b1048003920400ba1
:1081e80023186200fbff6054234046003a20400bee
:1081f800211800000800e00300000000e8ffbd2788
:108208001400bfaf1000beaf21f0a0038d20400fb7
:108218000000000021e8c0031400bf8f1000be8fcb
:108228001800bd270800e00300000000f8ffbd2784
:108238000400beaf21f0a00388bf033c1061628c2c
:10824800010004244408827c106162ac88bf033cae
:108258001061628c010004240400827c106162ac0d
:1082680088bf033c1065628c010004240400827cf2
:10827800106562ac88bf033c1061628c0100042465
:108288000442827c106162ac88bf033c1060628c3f
:1082980001000424c47b827c106062ac88bf033c6c
:1082a8000061628c4408027c006162ac88bf033cb8
:1082b8000061628c0400027c006162ac88bf033cf0
:1082c8000061628c0442027c006162ac21e8c00358
:1082d8000400be8f0800bd270800e003000000006e
:1082e800f0ffbd270c00beaf21f0a00321108000d5
:1082f8001000c2a3ff0002240000c2af1000c29306
:108308007600432ca00060100000000080180200d6
:10831800019d023c30834224211062000000428cff
:1083280008004000000000000885009d2485009d8d
:108338004085009d5c85009d7885009d9085009d09
:108348009085009d9085009d9085009d9085009d5d
:108358009085009d9085009d9085009d9085009d4d
:108368009085009d9085009d9085009d9085009d3d
:108378009085009d9085009d9085009d9085009d2d
:108388009085009d9085009d9085009d9085009d1d
:108398009085009d9085009d9085009d9085009d0d
:1083a8009085009d9085009d9085009d9085009dfd
:1083b8009085009d9085009d9085009d9085009ded
:1083c8009085009d9085009d9085009d9085009ddd
:1083d8009085009d9085009d9085009d9085009dcd
:1083e8009085009d9085009d9085009d9085009dbd
:1083f8009085009d9085009d9085009d9085009dad
:108408009085009d9085009d9085009d9085009d9c
:108418009085009d9085009d9085009d9085009d8c
:108428009085009d9085009d9085009d9085009d7c
:108438009085009d4085009d7885009d9085009dd4
:108448009085009d9085009d9085009d9085009d5c
:108458009085009d9085009d2485009d9085009db8
:108468009085009d9085009d9085009d9085009d3c
:108478005c85009d9085009d9085009d0885009de8
:108488009085009d9085009d9085009d9085009d1c
:108498009085009d9085009d9085009d9085009d0c
:1084a8009085009d9085009d9085009d9085009dfc
:1084b8009085009d4085009d7885009d9085009d54
:1084c8009085009d9085009d9085009d9085009ddc
:1084d8009085009d9085009d2485009d9085009d38
:1084e8009085009d9085009d9085009d9085009dbc
:1084f8005c85009d9085009d9085009d0885009d68
:1085080088bf023c2061428c4000427cff00423020
:108518000000c2af6421400b0000000088bf023c8d
:108528002061428c0000427cff0042300000c2af54
:108538006421400b0000000088bf023c2065428c8b
:108548000000427cff0042300000c2af6421400bb3
:108558000000000088bf023c2061428c0002427c7f
:10856800ff0042300000c2af6421400b0000000051
:1085780088bf023c2060428cc003427cff0042302e
:108588000000c2af000000000000c28fff004230b0
:1085980021e8c0030c00be8f1000bd270800e003cf
:1085a80000000000e0ffbd271c00bfaf1800beaff1
:1085b80021f0a0031000c0a31400c0af8321400b1a
:1085c800000000001400c28fff004230212040004c
:1085d800ba20400f00000000211840001400c28f8c
:1085e80004104300201c027c1000c2832510620086
:1085f8002014027c1000c2a31400c28f0100422480
:108608001400c2af1400c28f05004228edff4014c9
:10861800000000001000c29321e8c0031c00bf8fb7
:108628001800be8f2000bd270800e00300000000ee
:020000040000fa
:020000041d00dd
:108638000080013c2638e10040580500425d0b00ef
:10864800c0520500427d040025504f01c04a040075
:108658000080083c255048014070070042750e0014
:10866800c06a0700427d06002568af01c0620600a7
:108678002568a801ffff6f25fe07e12d8d0020105a
:1086880000000000ffffcf25fe07e12dbb002010f2
:10869800000000000080013c2428a10023406e0156
:1086a8002c00001100000000150000190000000057
:1086b8002000012d0700201400000000e0ff082121
:1086c8002b300c0023000d102560a601f8ff0010c8
:1086d80000000d341f0000110000000022200800d7
:1086e80004308c0004208d0006600c0106680d0122
:1086f8001800c01025608c001600001002008c3590
:1087080025580e00234008002000012d07002014e2
:1087180000000000e0ff08212b3009000d000a10be
:1087280025484601f8ff001000000a34090000112e
:1087380000000000222008000430890004208a007c
:108748000648090106500a010200c01025488900a0
:10875800020029352678a7001c00e005000000006b
:1087680021482c012b782c0121504d0121504f011b
:1087780002004d11000000002b784d013700e01178
:108788000000000001002f310200e011000000008d
:108798000200293542480900c07f0a0025482f01f8
:1087a80042500a000080013c2550410101006b2520
:1087b800ff0701242900611500000000f07f013c3b
:1087c8002528a10037000010000004242b782c0174
:1087d80023482c012b104f0123504f012b784d01ba
:1087e8002578e2010700e01123504d010080013c8b
:1087f8002628a1002b7809002348090023500a00e5
:1088080023504f0108004015000000000300201508
:10881800000000000d00001000000b24255020016e
:1088280000000924e0ff6b25204048710700001173
:108838000000000023586801222008000620890053
:108848000448090104500a012550440125784901ca
:108858000200e0150000000000000524680060190f
:10886800000000000004292500042f2d21504f018d
:108878002b784f0121586f01c27a09000100ef31ae
:1088880023482f01c2220900407d0a0025208f00bd
:1088980040780a00027b0f002528af00007d0b00fe
:1088a8002528af0025100400251805000800e0035e
:1088b800000000002a7820012148290121504a019e
:1088c8002300601521504f01257849011400e0115b
:1088d80000000000080040150000000003002015fb
:1088e8000000000067ff001000000b242550200145
:1088f80000000924e0ff6b252040487161ff00114a
:108908000000000023586801222008000620890082
:108918000448090104500a015aff00102550440177
:10892800ff0701241500c111000000002140e700e5
:10893800257806010300e01500000000d9ffe004d7
:108948000000000025100600d8ff001025180700b9
:10895800257849012700e01500000000ff070124e1
:10896800d0ffc115000000002678a7002100e0050f
:1089780000000000f3ff0010000000002a788001ca
:1089880021608c012168ad011700c0152168af0175
:108998002578ac01c3ffe011000000000800a01515
:1089a80000000000030080150000000039ff0010df
:1089b80000000e242568800100000c24e0ffce256d
:1089c8002040a87133ff0011000000002370c80187
:1089d8002220080006208c0004600c0104680d01a8
:1089e8002cff00102568a4012578ac01d5ffe01103
:1089f80000000000f8ff053caaff00100000042456
:108a08000100082423400b012000012d0700201439
:108a180000000000e0ff08212b3009000d000a10bb
:108a280025484601f8ff001000000a34090000112b
:108a380000000000222008000430890004208a0079
:108a48000648090106500a010200c010254889009d
:108a58000200293583ff001000000b2400000000ed
:020000040000fa
:020000041d00dd
:108a680070ffbd278c00bfaf8800beaf8400b1afd8
:108a78008000b0af21f0a0039000c4af9400c5af50
:108a88005214400f0000000002a0023c14e34324eb
:108a98002080828f001102002110620021204000f6
:108aa8002128000021300000b915400f0000000007
:108ab80002a0023c14e343242080828f0100422458
:108ac800001102002110620021204000010005244d
:108ad80021300000b915400f00000000f025400fbc
:108ae80000000000b526400f000000005a2a400f81
:108af80000000000380b400f000000008120400fec
:108b0800000000004717400f00000000ce22400b75
:108b18000000000000000000ce22400b0000000012
:108b280000000000ce22400b000000000000000002
:108b38009026400f000000001800c2a31800c2933e
:108b4800212040005527400f000000002580829317
:108b5800ff004330010002243500621400000000c9
:108b68002000c22721204000940d400f0000000083
:108b78007b23400f000000001c00c2af2000c28f02
:108b8800212040000b2c400f000000002c00c427bf
:108b98001000a2af1400a3af019d023c50b74524ba
:108ba8001c00c68f992d400f000000002c00c22722
:108bb800212040002128000021300000b915400f75
:108bc800000000002400c28f212040000b2c400f21
:108bd8000000000021804000218860002800c28f2a
:108be800212040000b2c400f000000002c00c4275f
:108bf8001000a2af1400a3af019d023c60b745244a
:108c08002130000221382002992d400f0000000079
:108c18002c00c2272120400001000524213000003b
:108c2800b915400f000000003123400b0000000080
:108c380024808293ff004230200040100000000092
:108c4800248080a32080828f02004224208082af6b
:108c58002080838f060002241a006200f40140007d
:108c680010100000208082af02a0023c14e34324cd
:108c78002080828f00110200211062002120400014
:108c88002128000021300000b915400f0000000025
:108c980002a0023c14e343242080828f0100422476
:108ca800001102002110620021204000010005246b
:108cb80021300000b915400f000000002680829383
:108cc800410040140000000021200000ba20400f9d
:108cd8000000000005004010000000000100022410
:108ce800268082a3ce22400b00000000010004244d
:108cf800ba20400f000000000500401000000000ee
:108d080001000224268082a3ce22400b000000002e
:108d180002000424ba20400f000000001800401090
:108d28000000000001000224268082a3258082938f
:108d3800ff00423001004238ff004230258082a304
:108d480025808293ff00423072ff4014000000002b
:108d580002a0023c14e343242080828f0011020009
:108d6800211062002120400021280000213000004d
:108d7800b915400f00000000ce22400b0000000093
:108d880003000424ba20400f000000000500401032
:108d98000000000001000224268082a3ce22400b9e
:108da8000000000004000424ba20400f0000000066
:108db8005bff40100000000001000224268082a30f
:108dc800ce22400b000000006b21400f0000000085
:108dd80056ff401400000000268080a3ce22400bde
:108de80000000000e8ffbd271400bfaf1000beafb1
:108df80021f0a003020004247d2a400f0000000097
:108e080021e8c0031400bf8f1000be8f1800bd27d3
:108e18000800e00300000000e8ffbd271400bfaf12
:108e28001000beaf21f0a003da23400f00000000bd
:108e38000f00023c4042443421280000010006246f
:108e48009a23400f0000000021e8c0031400bf8fe0
:108e58001000be8f1800bd270800e00300000000c6
:108e6800f8ffbd270400beaf21f0a0030800c4af7f
:108e78002118a0002110c0000c00c3a31000c2a339
:108e88000800c28f401802006202023c005a4234b5
:108e98001b004300f40160001018000012100000cd
:108ea800ffff432480bf023c305a43ac0c00c293fe
:108eb80001004230ff00443080bf033c005a628cfe
:108ec8008431827c005a62ac1000c29301004230a7
:108ed800ff00443080bf033c005a628c0442827c0d
:108ee800005a62ac80bf033c005a628c444a027c40
:108ef800005a62ac80bf033c005a628c0100042413
:108f08004429827c005a62ac80bf033c005a628cc0
:108f18008452027c005a62ac80bf033c005a628cc7
:108f2800c45a027c005a62ac80bf033c405a628c2f
:108f3800c439027c405a62ac80bf033c005a628c40
:108f480001000424c47b827c005a62ac21e8c0037f
:108f58000400be8f0800bd270800e00300000000e1
:108f6800f8ffbd270400beaf21f0a00388bf033c73
:108f78001062628c8410027c106262ac88bf033c71
:108f88001066628c8431027c106662ac88bf033c38
:108f98001062628c4408027c106262ac88bf033c99
:108fa8001062628c010004240421827c106262ac8d
:108fb80081bf023c0600032484fb43ac81bf023c12
:108fc8000a00032490fa43ac88bf033c0066628c15
:108fd8008431027c006662ac80bf033c0070628c06
:108fe800c47b027c007062ac81bf023c98fc40ac40
:108ff80081bf033c00a0628cc47b027c00a062acf1
:1090080021e8c0030400be8f0800bd270800e00364
:1090180000000000f8ffbd270400beaf21f0a00348
:10902800211080000800c2a30000000080bf023c9d
:10903800105a428c08004230fcff4010000000002b
:109048000800c39380bf023c205a43ac00000000d4
:1090580080bf023c105a428c01004230fcff401095
:109068000000000080bf023c205a428cff004230c2
:1090780021e8c0030400be8f0800bd270800e003f4
:1090880000000000d8ffbd272400bfaf2000beaffe
:109098001c00b0af21f0a0032800c4af2c00c5af5e
:1090a8003000c6af88bf033c3062628c8410027cfb
:1090b800306262ac1000c0af4024400b00000000da
:1090c8001000c28f2c00c38f218062001000c28f55
:1090d8003000c38f21106200000042902120400020
:1090e8000724400f00000000000002a21000c28ff9
:1090f800010042241000c2af1000c38f2800c28fa5
:109108002a106200eeff40140000000088bf033cf4
:109118003062628c010004248410827c306262ac6c
:1091280021e8c0032400bf8f2000be8f1c00b08f31
:109138002800bd270800e00300000000f8ffbd2755
:109148000400beaf21f0a00380bf033c005a628c2c
:10915800c47b027c005a62ac21e8c0030400be8fc5
:0c9168000800bd270800e0030000000024
:020000040000fa
:020000041d00dd
:109174004050050042550a00c04a0500427d0400e3
:1091840025482f01c042040000800e3c25482e01d2
:1091940040680700426d0d00c0620700427d060072
:1091a40025608f01c05a060025608e012628a7007d
:1091b4002428ae00ffff4f25fe07e12d47002010b5
:1091c40000000000ffffaf25fe07e12d6f00201017
:1091d4000000000002fcaf2521504f0119002c01b2
:1091e400123800001070000019000b01122000005a
:1091f4001030000019002b01125800001068000004
:109204002130cb002b78cb002138ed002138ef0042
:109214000200ed10000000002b78ed002170cf015a
:1092240019000c0112400000104800002130c80051
:109234002b78c8002138e9002138ef000200e9103a
:10924400000000002b78e9002170cf01257886000a
:109254000200e011000000000100e73425480e0080
:1092640006002005254007002a7800012140080156
:109274002148290121482f01ffff4a25ffff4f25df
:10928400fe07e12d680020100000000000040825fe
:1092940000040f2d21482f012b782f0121504f015d
:1092a400c27a08000100ef3123400f01c2220800f6
:1092b400407d090025208f0040780900027b0f00c3
:1092c4002528af00007d0a002528af0025100400e2
:1092d400251805000800e003000000002a780001ba
:1092e40021400801214829011c00401521482f0173
:1092f400257828011400e011000000000800201562
:10930400000000000300001500000000adff001085
:1093140000000a242548000100000824e0ff4a2533
:1093240020702e71a7ffc0110000000023504e01d1
:1093340022380e000638e8000440c8010448c90178
:10934400a0ff001025482701ff0701243300a111c5
:1093540000000000ddff0010000000002578280157
:109364002e00e015000000000500a015000000001c
:1093740040780c002578eb012800e0110000000083
:10938400ff0701242100a115000000002a786001d4
:1093940021586b0121608c011900a01521608f01f7
:1093a40025788b011400e0110000000008008015ee
:1093b40000000000030060150000000085ff00109d
:1093c40000000d242560600100000b24e0ffad25a2
:1093d400203086717fffc010000000002368a601c2
:1093e400227006000670cb010458cb000460cc0048
:1093f40078ff001025608e01b4ff001000000424e3
:1094040025788b010500e01500000000f07f013c89
:109414002528a100adff001000000424f8ff053c3e
:10942400aaff001000000424f8ff401d0000000003
:1094340001000e242370ca012000c12d070020144e
:1094440000000000e0ffce212b3008000d000910c1
:1094540025402601f8ff0010000009340900c0115e
:109464000000000022380e000430e8000438e9004f
:109474000640c8010648c9010200c0102540e800a2
:10948400020008350004082500040f2d21482f018f
:0c94940083ff0010c25709000000000018
:020000040000fa
:020000041d00dd
:1094a00074e301a03400000001000000000140014d
:1094b0007b01af01d801f301ff01fb01e801c50108
:1094c00096015e012001e000a2006a003b00180046
:1094d000050001000d00280051008500c0000000bb
:1094e000300000a00100000001000000ff000000ab
:1094f000a00000a000e001000000000014e301a0b3
:10950000600000000100000057656c636f6d65210d
:1095100020546f20676574207374617274656420d1
:10952000676f20746f3a2020646967696c656e7498
:10953000696e632e636f6d202f62617379736d782e
:109540003320202020202020507265737320425445
:109550004e4320746f202020746f67676c65206411
:109560006973706c61792e20400000a00800000033
:1095700000000000310000a0020000000100000017
:10958000ff010000480000a00100000000000000f2
:109590004a0000a00600000000000000a0e001a0ba
:1095a0001600000000000000500000a001000000b4
:1095b00000000000b8e001a0ff0000000000000073
:1095c000a8e301a024000000010000004602000002
:1095d000682400008046000002680000248000002b
:1095e0000000c00000c00000c0000000c0c0c000fb
:1095f000540000a00c00000000000000340000a097
:109600000800000001000000080402010000000042
:10961000b8e101a0d4000000010000001ce201a09c
:1096200038e201a054e201a018e201a08ce201a0fe
:109630000100000000000000000000000000000029
:10964000000000000000000000000000000000001a
:10965000000000000000000000000000000000000a
:1096600000000000000000000000000000000000fa
:1096700000000000000000000000000000000000ea
:10968000ffffffffffffffff0000000040000000a2
:1096900009100000000000009cb7009dffffffffc5
:1096a0000000000000000000400000000a1001005f
:1096b000000000009cb7009dffffffff00000000be
:1096c0000000000000000000020002000000000096
:1096d0009cb7009dfdffffff0000000000000000a0
:1096e000000000000000000000000000000000007a
:1096f0008ce201a088000000000000003c0000a0f7
:109700000400000001000000b8e101a0cce301a0ca
:109710002000000000000000600000a00400000025
:1097200000000000640000a0040000000000000031
:10973000ece301a020000000010000000000000098
:10974000ffffffff0000000000000000000000001d
:10975000000000000000000000000000000000a069
:1097600020000000010000000c00000000000000cc
:109770000100017c1f0c1d000c0000001400000003
:109780006079009d5c040000200000a01000000033
:10979000010000000c0000002400000078fb003aeb
:1097a000480400000000000022222222222222225d
:1097b0002222222222222222222222222222222289
:020000040000fa
:020000041d00dd
:1097c000e8ffbd271400bfaf1000beaf21f0a0031b
:1097d000fc25400f0000000021e8c0031400bf8feb
:1097e0001000be8f1800bd270800e0030000000035
:1097f000f8ffbd270400beaf21f0a00388bf033ce3
:109800001065628c01000424c418827c106562ac6f
:1098100088bf033c1065628c010004244429827ccb
:10982000106562ac88bf033c1065628c01000424a3
:109830000421827c106562ac88bf033c1063628c9b
:1098400001000424c47b827c106362ac88bf033cab
:109850001063628c010004248473827c106362ac08
:1098600088bf033c1061628c01000424c45a827cce
:10987000106162ac88bf033c1061628c010004245b
:109880008452827c106162ac88bf033c1061628ca0
:1098900001000424444a827c106162ac88bf033c0e
:1098a0000061628cc45a027c006162ac88bf033cd8
:1098b0000061628c8452027c006162ac88bf033c10
:1098c0000061628c444a027c006162ac21e8c00302
:1098d0000400be8f0800bd270800e0030000000060
:1098e000f0ffbd270c00beaf21f0a00321108000c7
:1098f0001000c2a3ff0002240000c2af1000c293f8
:109900000800432c4700601000000000801802008f
:10991000019d023c28994224211062000000428ce3
:1099200008004000000000004899009d6499009dd7
:109930008099009d9c99009db899009dd499009da7
:10994000f099009d0c9a009d88bf023c2065428cd6
:10995000c000427cff0042300000c2af8926400bad
:109960000000000088bf023c2065428c4001427c20
:10997000ff0042300000c2af8926400b000000000b
:1099800088bf023c2065428c0001427cff004230cf
:109990000000c2af8926400b0000000088bf023cd7
:1099a0002063428cc003427cff0042300000c2af03
:1099b0008926400b0000000088bf023c2063428cd7
:1099c0008003427cff0042300000c2af8926400b7a
:1099d0000000000088bf023c2061428cc002427c33
:1099e000ff0042300000c2af8926400b000000009b
:1099f00088bf023c2061428c8002427cff004230e2
:109a00000000c2af8926400b0000000088bf023c66
:109a10002061428c4002427cff0042300000c2af15
:109a2000000000000000c28fff00423021e8c003a8
:109a30000c00be8f1000bd270800e00300000000ee
:109a4000e0ffbd271c00bfaf1800beaf21f0a00390
:109a50001400c0a31000c0afaa26400b00000000f5
:109a60001000c28fff004230212040003826400ff6
:109a70000000000009004010000000000100032465
:109a80001000c28f04104300201c027c1400c2830b
:109a9000251062002014027c1400c2a31000c28fa3
:109aa000010042241000c2af1000c28f08004228fb
:109ab000ebff4014000000001400c29321e8c00333
:109ac0001c00bf8f1800be8f2000bd270800e003d8
:109ad00000000000e8ffbd271400bfaf1000beafbc
:109ae00021f0a003c426400f000000002120000048
:109af0005527400f0000000021e8c0031400bf8f6d
:109b00001000be8f1800bd270800e0030000000011
:109b1000f8ffbd270400beaf21f0a00388bf023cc0
:109b20001060438c00ff02242418620088bf023cae
:109b3000106043ac21e8c0030400be8f0800bd27bd
:109b40000800e00300000000f8ffbd270400beafde
:109b500021f0a003211880002110a0000800c3a359
:109b60000c00c2a30c00c2932b1002000c00c2a375
:109b70000800c3930800c293070042305b006214e0
:109b8000000000000800c2930800432c570060103a
:109b90000000000080180200019d023cb09b42249e
:109ba000211062000000428c08004000000000000c
:109bb000d09b009df49b009d189c009d3c9c009dab
:109bc000609c009d849c009da89c009dcc9c009d59
:109bd0000c00c29301004230ff00443088bf033cb8
:109be0003060628c0400827c306062ac3b27400baa
:109bf000000000000c00c29301004230ff0044301e
:109c000088bf033c3060628c4408827c306062ac68
:109c10003b27400b000000000c00c29301004230c3
:109c2000ff00443088bf033c3060628c8410827c2b
:109c3000306062ac3b27400b000000000c00c29378
:109c400001004230ff00443088bf033c3060628c2a
:109c5000c418827c306062ac3b27400b00000000df
:109c60000c00c29301004230ff00443088bf033c27
:109c70003060628c0421827c306062ac3b27400bf8
:109c8000000000000c00c29301004230ff0044308d
:109c900088bf033c3060628c4429827c306062acb7
:109ca0003b27400b000000000c00c2930100423033
:109cb000ff00443088bf033c3060628c8431827c7a
:109cc000306062ac3b27400b000000000c00c293e8
:109cd00001004230ff00443088bf033c3060628c9a
:109ce000c439827c306062ac0000000021e8c0030f
:109cf0000400be8f0800bd270800e003000000003c
:109d0000f8ffbd270400beaf21f0a00321108000a2
:109d10000800c2a30800c3930800c29307004230a2
:109d200007006214000000000800c2930100032431
:109d3000041043002118400088bf023c3c6043ac43
:109d400021e8c0030400be8f0800bd270800e0031f
:109d500000000000f0ffbd270c00beaf21f0a00303
:109d6000211080001000c2a388bf023c3060423442
:109d70000000c2af0000c28f1000c393000043a0d8
:109d800021e8c0030c00be8f1000bd270800e003cf
:109d9000000000000400828cffff03240300431036
:109da000000080ac0800e003040083acfe2d400bf3
:109db0000100042410008294e8ffbd270200423015
:109dc0001000b0af1400bfaf13004010218080001e
:109dd0000000858c0c00a0041400bf8f0c00828c46
:109de0000600a2500800038e0800848c762d400fd8
:109df000232845000c00028e0800038e000002aeee
:109e0000040003ae1400bf8f211000001000b08fbb
:109e10000800e0031800bd27ffff0224040082ac05
:109e20001400bf8f211000001000b08f0800e00365
:109e30001800bd270c00a28cd8ffbd272000b1afb1
:109e40001c00b0af2400bfaf2180a0003000401044
:109e5000218880000000a28cffff0324010042241f
:109e60001e0043100000a2ac6d27400f212000020d
:109e70000000048e0400028effff842401004324ae
:109e8000000004ae000051a00a00022407002212c4
:109e9000040003ae2400bf8f211020021c00b08fed
:109ea0002000b18f0800e0032800bd2710000296b3
:109eb00008004230f8ff40102400bf8f6d27400f8c
:109ec000212000022400bf8f211020021c00b08f2f
:109ed0002000b18f0800e0032800bd270800a28cf5
:109ee000e1ff401402a0033c1000a494cce36324df
:109ef00020000224100084340800a3ac0400a3acaa
:109f00000c00a2ac0000a2ac9a27400b1000a4a445
:109f10001000a42701000524762d400f1000b1a3e6
:109f20002400bf8f21102002000000ae2000b18f5e
:109f30001c00b08f0800e0032800bd270228c57070
:109f4000e0ffbd271800b0af1c00bfaf1900a01084
:109f5000218080001000e29401004230080040108f
:109f60001c00bf8f0900022421300000448082af12
:109f70001800b08f2110c0000800e0032000bd27aa
:109f80002120e0001400a6af6d27400f1000a5af00
:109f90001000a58f762d400f212000021400a68fff
:109fa0001c00bf8f2110c0001800b08f0800e00314
:109fb0002000bd271c00bf8f213000002110c000f1
:109fc0001800b08f0800e0032000bd271000829425
:109fd0002428a2000700a0500100022440004234bf
:109fe000100082a409000224448082af0800e0032c
:109ff000211000000800e00300000000e8ffbd277a
:10a000001000b0af02a0103c1400bfaf792b400f7e
:10a01000ece304261c80828f01000324ece3042679
:10a020001400bf8f1000b08f380043ac7d2b400b65
:04a030001800bd2730
:020000040000fa
:020000041d00dd
:10a034000080013c2628a100c24d0400ff00293104
:10a04400c25d0500ff006b310080073c0042040044
:10a05400254007010052050025504701ffff2d252b
:10a06400fe00a12d6100201000000000ffff6d25ff
:10a07400fe00a12d770020100000000023602b01ba
:10a084000d00800500000000200081290300201439
:10a09400000000001500001002000a2425300a0008
:10a0a40006508a0104688a011000a611000000000d
:10a0b4000e00001002004a3525480b0023600c00f6
:10a0c4002000812903002014000000000700001074
:10a0d400020008242530080006408801046888012d
:10a0e4000200a61100000000020008352460870069
:10a0f400266885011000a0050000000021400a0127
:10a104002b680a011700a0110000000001000d31a6
:10a114000200a011000000000200083542400800bf
:10a1240001002925ff0001240e0021150000000074
:10a134000c000010000008242b680a010400a01180
:10a1440023400a0123400800030000102660870111
:10a154005000001100000000203006712348260141
:10a164000440c8000e0020190000000080000825eb
:10a1740080000d2d21482d01026a08000100ad3137
:10a1840023400d014040080042420800c06d090010
:10a1940025400d0125100c010800e003000000001b
:10a1a400010006242330c9002000c12c39002010ee
:10a1b400000000000080013c2540010120000d2426
:10a1c4002368a6010448a801020020110640c80023
:10a1d400010008350000092480000d25e3ffa105d6
:10a1e40000000000e1ff0010010009240e0020150a
:10a1f40000000000214008010500001100000000db
:10a2040020600c7123482c0198ff00100440880141
:10a21400ff0001240f006111000000000080013cd8
:10a224001800a11400000000216808011b00a015fb
:10a2340000000000ff00012414006115000000006c
:10a24400266885001500a005000000000d00001020
:10a2540000000000080060150000000021504a01c1
:10a264000a0040110000000020604c7123586c016a
:10a2740082ff001004508a0121684a010700a015da
:10a2840000000000c4ff001025100500c2ff0010ec
:10a2940025100400c0ff001000000224beff0010bf
:08a2a400c0ff023c00000000b5
:020000040000fa
:020000041d00dd
:10a2ac0000800b3cc2450400ff000831c25505007c
:10a2bc00ff004a31003a04002538eb00004a050043
:10a2cc0025482b012670850024586e01ffff0e25b2
:10a2dc00fe00c12d3f00201000000000ffff4e25a6
:10a2ec00fe00c12d53002010000000002b08e900d7
:10a2fc00030020140000000042380700010008256c
:10a30c0082630900f40180011b00ec0012200000a4
:10a31c0010300000ff3f2d311900a401122800005d
:10a32c00803306002b70c5000400c0112330c5001b
:10a33c00ffff84242130c9002b70c900f401800177
:10a34c001b00cc0012380000103000001900a701cf
:10a35c0012280000803306002b70c5000400c011c9
:10a36c002330c500ffffe7242130c9002b70c90042
:10a37c00807304002138ee000200c0100039070081
:10a38c000100e7347e000e242370ca0121400e0127
:10a39c00ffff0e25fe00c12d340020100000000030
:10a3ac008000e7248000ee2c21400e010272070091
:10a3bc000100ce312338ee0040380700423a070046
:10a3cc00c07508002538ee002510eb000800e003ee
:10a3dc000000000008000015000000002138e70014
:10a3ec000500e010000000002060ec7023400c0120
:10a3fc00baff001004388701040048150000000063
:10a40c00217029012f00c01100000000ff00012461
:10a41c0008004111000000001200001100000000b3
:10a42c002170e7002700c01500000000220000107a
:10a43c000000000008004015000000002148290120
:10a44c001d0020110000000020602c7123504c01d5
:10a45c00a6ff001004488901217029011900c015bc
:10a46c0000000000d9ff001025100b001200001d89
:10a47c000000000001000c24236088012000812dc5
:10a48c00f8ff20100000000020000e242370cc01e7
:10a49c000440c70102000011063887010200e734ae
:10a4ac00000008248000ee24bdffc1050000000060
:10a4bc00bbff001001000824807f013cc3ff00108b
:10a4cc0025106101c1ff0010c0ff023c000000001c
:020000040000fa
:020000041d00dd
:10a4dc00c23d0400ff00e730c24d0500ff002931ea
:10a4ec0000800a3c003204002530ca0000420500fe
:10a4fc0025400a012660850024504c01ffffec2406
:10a50c00fe00812d2100201000000000ffff2c25f3
:10a51c00fe00812d36002010000000001900c8003c
:10a52c001258000002006011103000000100c63407
:10a53c000300c0040000000040300600ffffe724c9
:10a54c0082ff2c252138ec00ffffec24fe00812d2e
:10a55c003a002010000000008000c6248000cc2ca3
:10a56c002138ec000262060001008c312330cc0053
:10a57c004030060042320600c06507002530cc0092
:10a58c002510ca000800e003000000000d00e014d4
:10a59c00000000002130c6000500c01000000000c3
:10a5ac002058cb702338eb00d8ff00100430660124
:10a5bc00ff0001241f0021110000000015000010f5
:10a5cc00000000002160c6001a0080150000000089
:10a5dc000400201500000000216008011500801106
:10a5ec0000000000ff0001240f00211500000000f6
:10a5fc000a00201500000000214008010500001190
:10a60c000000000020580b7123482b01c3ff0010e1
:10a61c0004406801dbff001025100a0021600801ce
:10a62c000400801500000000807f013cd5ff001065
:10a63c0025104101d3ff0010c0ff023cfaffe01cc3
:10a64c000000000001000b24235867012000612d3d
:10a65c00f0ff20100000000020000c2423608b0170
:10a66c00043886010200e010063066010200c63490
:10a67c00000007248000cc24b7ff810500000000f7
:0ca68c00b5ff00100100072400000000d2
:020000040000fa
:020000041d00dd
:10a69800211080005600c0100c00ca2c4d00401537
:10a6a8002618a40003006330233804002900601032
:10a6b8000300e7300600e0102330c7000000a3982d
:10a6c8000300a3882128a700000083b82120870061
:10a6d8000f00c3302338c3001100e01021306000a0
:10a6e8002138e5000000a3980300a3880400a89877
:10a6f8000700a8880800a9980b00a9880c00aa9848
:10a708000f00aa88000083ac040088ac080089ac5c
:10a718001000a52410008424f2ffa714fcff8aacc3
:10a728000300c3302338c3002a00e0102130600042
:10a738002138e5000000a3980300a3880400a5249d
:10a7480004008424fbffa714fcff83ac2100001045
:10a75800000000000500e0102330c7000000a398a7
:10a768002128a700000083b8212087000f00c330ec
:10a778002338c3000d00e010213060002138e500c7
:10a788000000a38c0400a88c0800a98c0c00aa8cdb
:10a79800000083ac040088ac080089ac1000a52434
:10a7a80010008424f6ffa714fcff8aac0300c33012
:10a7b8002338c3000700e010213060002138e5008d
:10a7c8000000a38c0400a52404008424fcffa71423
:10a7d800fcff83ac0600c0102138c5000000a39020
:10a7e8000100a52401008424fcffa714ffff83a017
:10a7f8000800e0030000000000008a90211080009b
:10a8080003004015000000000800e00300000224d7
:10a8180001008a9003004015000000000800e003d2
:10a828000100022402008a90030040150000000085
:10a838000800e0030200022403008a900300401588
:10a84800822004000800e00303000224010084249d
:10a858008020040000008a8c0101093c010129358f
:10a86800c07909002340490124400f010600001166
:10a8780024600a01040088110000000000008a908a
:10a88800220000100000842404008b8c23406901fe
:10a8980024400f010600001124600b0104008811f8
:10a8a8000000000004008a901800001004008424ae
:10a8b80008008a8c2340490124400f01060000113a
:10a8c80024600a01040088110000000008008a9032
:10a8d8000e000010080084240c008b8c23406901b2
:10a8e80024400f010600001124600b0104008811a8
:10a8f800000000000c008a90040000100c00842462
:10a9080010008a8cd7ff0010100084240400401522
:10a9180000000000000084240800e00323108200e7
:10a9280001008a9004004015000000000100842402
:10a938000800e0032310820002008a9004004015fa
:10a9480000000000020084240800e00323108200b5
:10a9580003008a90030084240800e0032310820087
:10a96800f8ffbd270400beaf21f0a00381bf023c61
:10a97800009040ac81bf033c0090628c0700042427
:10a988004439827c009062ac81bf033c0090628ca9
:10a998000452027c009062ac81bf023c509040acf3
:10a9a80081bf023c02000324209043ac81bf023cdb
:10a9b800109040ac81bf033c1090628c447b027cb9
:10a9c800109062ac81bf033c0090628c01000424ab
:10a9d800c47b827c009062ac21e8c0030400be8f77
:10a9e8000800bd270800e00300000000f0ffbd27b5
:10a9f8000c00beaf21f0a003211080001000c2a3fc
:10aa08000000c0af88bf033c6010628c444a027cdf
:10aa1800601062ac1000c2930014020021184000bc
:10aa280081bf023c409043ac81bf033c0090628ce4
:10aa3800010004244408827c009062ac00000000fd
:10aa480081bf023c0090428c02004230fcff40145f
:10aa5800000000000000000081bf023c0090428c12
:10aa680001004230fcff40100000000081bf023ca2
:10aa78007090428c0000c2af88bf033c6010628cab
:10aa880001000424444a827c601062ac0000c28f3a
:10aa980021e8c0030c00be8f1000bd270800e003aa
:04aaa80000000000aa
:020000040000fa
:020000041d00dd
:10aaac00feff09244050050040580700255864015a
:10aabc002558660125504b0103004015000000008d
:10aacc003c000010000002240200801040400500f1
:10aadc0001000825e0ff013c010021342b08010195
:10aaec0037002010000000000200c010404007009a
:10aafc0001000825e0ff013c010021342b08010175
:10ab0c002f002010000000001600a104000000001f
:10ab1c000300e0040000000026000010ffff0224e8
:10ab2c002b508600232086002b58aa002328aa002d
:10ab3c002b50a70025504b01030040112328a700e0
:10ab4c001c000010010002242550a4000300401139
:10ab5c000000000017000010ffff02241500001079
:10ab6c00000002240300e1040000000011000010aa
:10ab7c00010002242b508600232086002b58aa00ab
:10ab8c002328aa002b50a70025504b01030040118d
:10ab9c002328a70007000010ffff02242550a40063
:10abac00030040110000000002000010010002240c
:10abbc00000002240800e003000000000000000078
:0cabcc00fcff0010251009000000000034
:020000040000fa
:020000041d00dd
:10abd80025380400254005000080013c2458a100c8
:10abe80040480500424d0900ffff2c25fe07812d36
:10abf800370020100000000033040a2423504901c4
:10ac0800350041292f0020100000000020004129b4
:10ac18000600201400000000e0ff4a25000004247c
:10ac280006284501050000100428450103004019c5
:10ac380000000000062044010420440123400501cf
:10ac48002338e4000000c4ac0400c5ac08000015bb
:10ac58000b0029250300e014000000000d0000107f
:10ac6800000009242540e00000000724e0ff292512
:10ac780020200471070080100000000023482401f0
:10ac88002250040006504701043887000440880019
:10ac980025400a01c22207004065080025208c00d3
:10aca80040280800022b0500006509002528ac0093
:10acb8002528ab0025100400251805000800e0032e
:10acc800000000000400cbacfaff00100000c0ac8c
:10acd800fcff201100000000f8ff053c00000424e0
:10ace8000000c4acf3ff00100400c5ac0000000075
:020000040000fa
:020000041d00dd
:10acf800a8ffbd270400a1af0800a2af0c00a3afb6
:10ad08001000a4af1400a5af1800a6af1c00a7af91
:10ad18002000a8af2400a9af2800aaaf2c00abaf31
:10ad28003000acaf3400adaf3800aeaf3c00afafd1
:10ad38004000b8af4400b9af4800bfaf12400000b0
:10ad48004c00a8af104000005000a8af019d1a3c6d
:10ad580090b55a27000000000068044000600540d4
:10ad680009f84003000000005000a88f11000001fe
:10ad78004c00a88f130000010400a18f0800a28fc7
:10ad88000c00a38f1000a48f1400a58f1800a68fa5
:10ad98001c00a78f2000a88f2400a98f2800aa8f45
:10ada8002c00ab8f3000ac8f3400ad8f3800ae8fe5
:10adb8003c00af8f4000b88f4400b98f4800bf8f68
:0cadc8005800bd27c00000001800004229
:020000040000fa
:020000041d00dd
:10add4000800e003211000000800e0032110000037
:10ade4000800e003211000000800e0032110000027
:10adf4000800e003211000000800e0032110000017
:10ae04000800e003211000000800e0032110000006
:10ae14000800e003211000000800e00321100000f6
:10ae24000800e003ffff02240800e0030000000024
:10ae34000800e003000000000800e0030000000038
:10ae44000800e003000000000800e0030000000028
:10ae54000800e003000000000000828ce8ffbd272a
:10ae6400040040141400bfaf0200022409f8a0003b
:10ae7400000082ac1400bf8f211000000800e00322
:10ae84001800bd270800e003ffff02240800e003c8
:10ae9400ffff02240800e003211000000800e00383
:10aea4002110a0001800a28ce0ffbd271000428ce6
:10aeb4001800b1af1400b0af218880002180a00039
:10aec4002120a0001c00bfaf09f8400001000524a8
:10aed4001e0040101c00bf8f0000028effff4224a2
:10aee40011004004000002ae100002960800423037
:10aef4000b0040140a0002240400038e21102002d7
:10af040001006424000071a0040004ae1c00bf8f83
:10af14001800b18f1400b08f0800e0032000bd2793
:10af2400f6ff22560400038e1800028e2120200210
:10af34000400598c212800021c00bf8f1800b18f17
:10af44001400b08f080020032000bd27ffff022457
:10af54001800b18f1400b08f0800e0032000bd2753
:10af6400aa2b400b000000001c80828faa2b400bf0
:10af74000400458ce8ffbd271400bfaf1000beaf2e
:10af840021f0a003ec2b400f000000005a2a400fd0
:10af94000000000021e8c0031400bf8f1000be8f22
:10afa4001800bd270800e00300000000f8ffbd27db
:10afb4000400beaf21f0a00388bf033c1061628c83
:10afc400010004240421827c106162ac88bf033c2c
:10afd4000061628c010004240421827c006162ac63
:10afe40021e8c0030400be8f0800bd270800e00369
:10aff40000000000e8ffbd271400bfaf1000beaf83
:10b0040021f0a003040004247d2a400f0000000066
:10b0140021e8c0031400bf8f1000be8f1800bd27a5
:08b024000800e0030000000039
:020000040000fa
:020000041d00dd
:10b02c00c23d0400ff00e7300080013c2430810069
:10b03c00ffffe924fe00212d0d0020100000000070
:10b04c008003e724404a0400024b09002530c90064
:10b05c00402f0400004d07002530c90025100500c5
:10b06c00251806000800e0030000000000000000a6
:10b07c000000052421208400f6ff80100000000051
:10b08c000900e01400000000ffffe72421208400e9
:10b09c008000013c2b088100fbff20140000000005
:10b0ac00e7ff001000000000ff07072400ff013c31
:10b0bc00010021342b088100e6ff20140000000061
:0cb0cc00e4ff0010f8ff063c000000004c
:020000040000fa
:020000041d00dd
:10b0d800e0ffbd271400b0af02a0103c1800b1afcc
:10b0e800218880001c00bfaf792b400fece30426b9
:10b0f8001c80828f01000324ece304267d2b400f83
:10b10800380043ac1c80828f1000508c0a00005617
:10b118000400028e572c400b3400428c802004001f
:10b1280021200402ffff43240000828c09f840001c
:10b13800040003ae0400028ef8ff401c0100442402
:10b148000000108efcff00560400028e1c80828fc7
:10b158003400428c030040100000000009f8400051
:0cb1680000000000002e400f21202002fb
:020000040000fa
:020000041d00dd
:10b17400c03a0500425504002538ea000080013c2d
:10b184002538e1004050050042550a001e040624fb
:10b194002330ca000c00c018000000002000c12c9d
:10b1a4000200201400000000000007340200a10483
:10b1b4000638c70023380700251007000800e003fd
:10b1c40000000000000000000200801000000000e9
:10b1d4000100a534f07f013c010021342b08a100bb
:10b1e4000300201400000000f4ff00100080023c63
:10b1f400ff7f023cf1ff0010ffff4234000000001b
:020000040000fa
:020000041d00dd
:10b208004e614e002d496e66000000002b496e66a7
:10b2180000000000286e756c6c290000303030305a
:10b228003030303030303030303030303030303016
:10b238003030303030303030303030302020202046
:10b2480020202020202020202020202020202020f6
:10b258002020202020202020202020200000000066
:10b268000000000000002440000000000000104022
:10b278007b14ae47e17a843f2d431cebe2361a3f3c
:020000040000fa
:020000041d00dd
:10b28800002a04000080013c2528a100c23d0400da
:10b29800ff00e7309e0006242330c7000d00c004dd
:10b2a800000000002000c128030020140000000056
:10b2b8000500001000000224020081040628c500d1
:10b2c80023280500251005000800e0030000000001
:10b2d80000000000807f013c010021342b08810020
:10b2e8000300201400000000f7ff00100080023c5b
:0cb2f800f5ff0010ffff02240000000022
:020000040000fa
:020000041d00dd
:10b3040000000524254805002538050025300400e3
:10b314000c00c010000000000600c1040000000082
:10b324000080093c2b50050023280500233006002b
:10b334002330ca001e0407242040c8702338e800c4
:10b3440004300601c24205004055060025400a01aa
:10b354004050060002530a0025482a010055070000
:10b3640025482a0125100800251809000800e003d3
:08b374000000000000000000d1
:020000040000fa
:020000041d00dd
:10b37c00f0ffbd270c00beaf21f0a003f52c400b55
:10b38c001000c4af1000c28fffff42241000c2afe8
:10b39c000e000224ed2c400b0000c2af0000c28f47
:10b3ac00ffff42240000c2af0000c28ffbff401c15
:10b3bc000000000000000000000000000000000081
:10b3cc0000000000000000001000c28fedff4014d0
:10b3dc000000000021e8c0030c00be8f0800e00351
:04b3ec001000bd2769
:020000040000fa
:020000041d00dd
:10b3f0000080013c12008010243081000200810492
:10b4000000000000232004009e00052420388770df
:10b410002328a7000420e400800084248000882cd6
:10b420002128a800034204000100083123208800dd
:10b430004020040042220400c04505002520880069
:10b44000251086000800e003000000000000000056
:020000040000fa
:020000041d00dd
:10b45000c8ffbd2721108000ffffa3241800a2af62
:10b460001400a2af2128c000019d023c2130e00061
:10b47000ffff07242200a7a71000a42782000724ab
:10b48000b0b742243400bfaf1000a3af1c00a3af7d
:10b490002000a7a79604400f2800a2af1400a38f96
:10b4a000000060a03400bf8f0800e0033800bd2713
:020000040000fa
:020000041d00dd
:10b4b0000000043ce8ffbd27000084240300801046
:10b4c0001400bfaf09f880000000000000008430c5
:10b4d0000000a5309a22400f000000000000023c4e
:10b4e00000004224030040100000000009f8400062
:0cb4f00000000000f9ff00100000000048
:020000040000fa
:020000041d00dd
:10b4fc00e8ffbd271400bfaf0600800421108000b8
:10b50c00fc2c400f000000001400bf8f0800e0036b
:10b51c001800bd270100423042200400fc2c400fd3
:10b52c0025208200212040000f28400f21284000b8
:0cb53c001400bf8f0800e0031800bd27ba
:020000040000fa
:020000041d00dd
:10b548000000023ce8ffbd2700004224060040102e
:10b558001400bfaf0000023c00004224030040106a
:10b56800019d023c3f000070019d023c20b6422430
:10b57800030040100000000009f84000000000002f
:08b58800622d400b00000000e1
:020000040000fa
:020000041d00dd
:10b590000000023ce8ffbd270000422406004010e6
:10b5a0001400bfaf0000023c000042240300401022
:10b5b000019d023c3f000070019d023c20b64224e8
:10b5c000030040100000000009f8400000000000e7
:08b5d000742d400b0000000087
:020000040000fa
:020000041d00dd
:10b5d800e0ffbd271400b0af1c00bfaf1800b1af2b
:10b5e80008008010218080000600a01021888500b6
:10b5f80000000482cb2d400f01001026fdff1156dc
:10b60800000004821c00bf8f1800b18f1400b08f97
:10b618000800e0032000bd2700606041c000000072
:10b6280099aa033c81bf023c5566632430f240acc2
:10b6380030f243ac6655033caa99633430f243ac0c
:10b6480081bf023c0100032418f643ac81bf023cd1
:10b6580010f6428c8a2d400b00000000e0ffbd2749
:10b668002800a2272118a000ff7f053c2800a6afcc
:10b678002c00a7afffffa53421306000213840001f
:10b688001c00bfaf142d400f1000a2af1c00bf8fcd
:08b698000800e0032000bd27bb
:020000040000fa
:020000041d00dd
:10b6a0000000023c00004224050040100000023c63
:10b6b0000000422403004010019d023c3f00007046
:10b6c000019d023c20b64224fdff40100000000016
:08b6d00009f840000000000031
:020000040000fa
:020000041d00dd
:10b6d8005265632d506c617920746573742073749e
:10b6e800617274656400000042656570207465735a
:0cb6f800742073746172746564000000bb
:020000040000fa
:020000041d00dd
:10b704000800e003ffff02240800e003211080008a
:10b714000800e003211000000800e00321100000ed
:10b724000800e003010002242024047c80bf033cc1
:10b734001062628c00014230fdff401080bf023c69
:0cb74400206244ac0800e003000000009c
:020000040000fa
:020000041d00dd
:10b75000504f543a25303464583a25362e3366001b
:10b76000593a25362e33665a3a25362e336600006e
:020000040000fa
:020000041d00dd
:10b7700000601a40bfff1b3cffff7b3724d05b03f8
:08b7800000609a40180000422d
:020000040000fa
:020000041d00dd
:10b788004079243019120278001008034621060e69
:10b7980009000000949d009d349e009db49d009d6d
:10b7a8003c9f009dcc9f009d04b7009d0cb7009d59
:0cb7b80014b7009d1cb7009d24b7009d35
:020000040000fa
:020000041d00dd
:10b7c8008096184c0000803f000000000000e03f19
:10b7d8008096184c0000803f000000000000e03f09
:020000040000fa
:020000041d00dd
:08b7e8000800e003000000006e
:020000040000fa
:020000041d00dd
:08b7f0000800e0030000000066
:020000040000fa
:020000041d00dd
:10b7f8000800e003ffff0224002e400b00000000b9
:020000040000fa
:020000041d00dd
:04b204000000804581
:020000040000fa
:020000041d00dd
:04b7c40000008043be
:00000001FF
